cle_unique,annee,year,region,code_region,nom_region,departement,code_departement,nom_departement,service_classification,total_lit_hospi_complete,total_sejour_hospi_complete,total_journee_hospi_complete,total_place_hospi_partielle,total_sejour_hospi_partielle,nbr_hospi,AVG_duree_hospi,taux_occupation,taux_occupation_2,taux_occupation_3
01 - Ain_2021_O,2021,12/31/2021,84 - Auvergne-Rhône-Alpes,84,Auvergne-Rhône-Alpes,01 - Ain,01,Ain,O,957,41831,283110,163,21212,13764,5.55,21.86919741,0.2698251563,81.0495126
01 - Ain_2021_SSR,2021,12/31/2021,84 - Auvergne-Rhône-Alpes,84,Auvergne-Rhône-Alpes,01 - Ain,01,Ain,SSR,2111,46338,591740,217,30120,3308,5.9,2.533007145,0.0329827289,76.79798576
01 - Ain_2021_ESND,2021,12/31/2021,84 - Auvergne-Rhône-Alpes,84,Auvergne-Rhône-Alpes,01 - Ain,01,Ain,ESND,1044,30928,314545,115,12005,17773,4.7,21.921246,0.2655680427,82.54474361
01 - Ain_2021_M,2021,12/31/2021,84 - Auvergne-Rhône-Alpes,84,Auvergne-Rhône-Alpes,01 - Ain,01,Ain,M,1603,57459,464207,197,30714,54821,5.72,53.59405225,0.6755092448,79.33873986
01 - Ain_2021_PSY,2021,12/31/2021,84 - Auvergne-Rhône-Alpes,84,Auvergne-Rhône-Alpes,01 - Ain,01,Ain,PSY,407,3840,121514,115,10744,1419,7.73,7.383709737,0.09026836414,81.79731413
01 - Ain_2021_C,2021,12/31/2021,84 - Auvergne-Rhône-Alpes,84,Auvergne-Rhône-Alpes,01 - Ain,01,Ain,C,1054,50750,306929,199,32987,53065,5.12,70.6227548,0.8851975538,79.78191365
02 - Aisne_2021_O,2021,12/31/2021,32 - Hauts-de-France,32,Hauts-de-France,02 - Aisne,02,Aisne,O,1575,70476,441208,180,30104,10918,4.71,8.945210698,0.1165522384,76.74851055
02 - Aisne_2021_SSR,2021,12/31/2021,32 - Hauts-de-France,32,Hauts-de-France,02 - Aisne,02,Aisne,SSR,2232,70960,610644,240,42514,2717,5.06,1.687536211,0.02251396886,74.95507439
02 - Aisne_2021_PSY,2021,12/31/2021,32 - Hauts-de-France,32,Hauts-de-France,02 - Aisne,02,Aisne,PSY,1037,30136,296295,279,41618,1845,8.41,4.099404235,0.05236824786,78.28033976
02 - Aisne_2021_C,2021,12/31/2021,32 - Hauts-de-France,32,Hauts-de-France,02 - Aisne,02,Aisne,C,1708,76735,461408,242,45371,44557,5.11,36.52213115,0.4934597363,74.0123833
02 - Aisne_2021_ESND,2021,12/31/2021,32 - Hauts-de-France,32,Hauts-de-France,02 - Aisne,02,Aisne,ESND,1535,62719,439764,196,25983,15711,4.4,12.33829816,0.1571943133,78.49074115
02 - Aisne_2021_M,2021,12/31/2021,32 - Hauts-de-France,32,Hauts-de-France,02 - Aisne,02,Aisne,M,2055,82727,557531,276,46285,55189,5.86,43.11669366,0.5800709557,74.33003366
03 - Allier_2021_M,2021,12/31/2021,84 - Auvergne-Rhône-Alpes,84,Auvergne-Rhône-Alpes,03 - Allier,03,Allier,M,2156,66257,615132,437,66017,34721,6.64,29.2966986,0.3747934427,78.16758584
03 - Allier_2021_SSR,2021,12/31/2021,84 - Auvergne-Rhône-Alpes,84,Auvergne-Rhône-Alpes,03 - Allier,03,Allier,SSR,2065,62284,603228,407,57895,1762,7.14,1.669133968,0.02085559689,80.03290325
03 - Allier_2021_C,2021,12/31/2021,84 - Auvergne-Rhône-Alpes,84,Auvergne-Rhône-Alpes,03 - Allier,03,Allier,C,1973,64955,575316,430,65297,37518,6.84,35.63492352,0.4460559414,79.88891126
03 - Allier_2021_ESND,2021,12/31/2021,84 - Auvergne-Rhône-Alpes,84,Auvergne-Rhône-Alpes,03 - Allier,03,Allier,ESND,1696,52488,527828,311,35456,10167,5.2,8.540385112,0.100162174,85.2655725
03 - Allier_2021_O,2021,12/31/2021,84 - Auvergne-Rhône-Alpes,84,Auvergne-Rhône-Alpes,03 - Allier,03,Allier,O,1760,57153,543471,359,43725,5946,5.08,4.702004981,0.05557919374,84.6000934
03 - Allier_2021_PSY,2021,12/31/2021,84 - Auvergne-Rhône-Alpes,84,Auvergne-Rhône-Alpes,03 - Allier,03,Allier,PSY,1696,52488,527828,311,35456,1689,9.78,2.668392996,0.03129508097,85.2655725
04 - Alpes-de-Haute-Provence_2021_M,2021,12/31/2021,93 - Provence-Alpes-Côte d'Azur,93,Provence-Alpes-Côte d'Azur,04 - Alpes-de-Haute-Provence,04,Alpes-de-Haute-Provence,M,586,18887,154401,204,15043,17027,5.84,46.49010239,0.6440222537,72.18710552
04 - Alpes-de-Haute-Provence_2021_PSY,2021,12/31/2021,93 - Provence-Alpes-Côte d'Azur,93,Provence-Alpes-Côte d'Azur,04 - Alpes-de-Haute-Provence,04,Alpes-de-Haute-Provence,PSY,264,6526,68482,173,14850,374,11.2,4.347031963,0.0611664379,71.06890826
04 - Alpes-de-Haute-Provence_2021_ESND,2021,12/31/2021,93 - Provence-Alpes-Côte d'Azur,93,Provence-Alpes-Côte d'Azur,04 - Alpes-de-Haute-Provence,04,Alpes-de-Haute-Provence,ESND,386,12334,110093,31,3003,5389,4.82,18.4363546,0.2359367081,78.14110299
04 - Alpes-de-Haute-Provence_2021_C,2021,12/31/2021,93 - Provence-Alpes-Côte d'Azur,93,Provence-Alpes-Côte d'Azur,04 - Alpes-de-Haute-Provence,04,Alpes-de-Haute-Provence,C,586,18798,144471,214,20165,17347,4.96,40.22680817,0.5955598009,67.54453224
04 - Alpes-de-Haute-Provence_2021_SSR,2021,12/31/2021,93 - Provence-Alpes-Côte d'Azur,93,Provence-Alpes-Côte d'Azur,04 - Alpes-de-Haute-Provence,04,Alpes-de-Haute-Provence,SSR,700,14948,198172,51,6643,911,5.18,1.846958904,0.02381254668,77.56242661
04 - Alpes-de-Haute-Provence_2021_O,2021,12/31/2021,93 - Provence-Alpes-Côte d'Azur,93,Provence-Alpes-Côte d'Azur,04 - Alpes-de-Haute-Provence,04,Alpes-de-Haute-Provence,O,539,18240,142397,194,15033,3375,3.56,6.107200041,0.0843767776,72.38010522
05 - Hautes-Alpes_2021_SSR,2021,12/31/2021,93 - Provence-Alpes-Côte d'Azur,93,Provence-Alpes-Côte d'Azur,05 - Hautes-Alpes,05,Hautes-Alpes,SSR,1119,23909,329779,117,16143,959,6.42,1.507407543,0.01866941194,80.74210095
05 - Hautes-Alpes_2021_M,2021,12/31/2021,93 - Provence-Alpes-Côte d'Azur,93,Provence-Alpes-Côte d'Azur,05 - Hautes-Alpes,05,Hautes-Alpes,M,617,26468,175912,133,20731,13906,5.33,32.9117826,0.4213412388,78.11194245
05 - Hautes-Alpes_2021_C,2021,12/31/2021,93 - Provence-Alpes-Côte d'Azur,93,Provence-Alpes-Côte d'Azur,05 - Hautes-Alpes,05,Hautes-Alpes,C,522,24855,153036,133,20731,15080,4.21,33.32115677,0.4148487937,80.32120926
05 - Hautes-Alpes_2021_PSY,2021,12/31/2021,93 - Provence-Alpes-Côte d'Azur,93,Provence-Alpes-Côte d'Azur,05 - Hautes-Alpes,05,Hautes-Alpes,PSY,429,8999,115672,69,12790,390,7.28,1.813200498,0.02454526592,73.87169908
05 - Hautes-Alpes_2021_O,2021,12/31/2021,93 - Provence-Alpes-Côte d'Azur,93,Provence-Alpes-Côte d'Azur,05 - Hautes-Alpes,05,Hautes-Alpes,O,464,22806,148950,79,9253,2634,3.75,5.832250827,0.0663141994,87.94874823
05 - Hautes-Alpes_2021_ESND,2021,12/31/2021,93 - Provence-Alpes-Côte d'Azur,93,Provence-Alpes-Côte d'Azur,05 - Hautes-Alpes,05,Hautes-Alpes,ESND,656,25920,196052,119,17970,3775,4.19,6.605934681,0.08067885051,81.87938523
06 - Alpes-Maritimes_2021_PSY,2021,12/31/2021,93 - Provence-Alpes-Côte d'Azur,93,Provence-Alpes-Côte d'Azur,06 - Alpes-Maritimes,06,Alpes Maritimes,PSY,3369,117548,973094,740,101844,3106,6.45,1.629173325,0.02058763079,79.13359926
06 - Alpes-Maritimes_2021_O,2021,12/31/2021,93 - Provence-Alpes-Côte d'Azur,93,Provence-Alpes-Côte d'Azur,06 - Alpes-Maritimes,06,Alpes Maritimes,O,3698,171332,973541,665,121399,21921,4.96,8.055310164,0.1116831854,72.12643636
06 - Alpes-Maritimes_2021_C,2021,12/31/2021,93 - Provence-Alpes-Côte d'Azur,93,Provence-Alpes-Côte d'Azur,06 - Alpes-Maritimes,06,Alpes Maritimes,C,4624,213500,1172866,903,175173,118115,5.32,37.23111106,0.5357575375,69.49246338
06 - Alpes-Maritimes_2021_M,2021,12/31/2021,93 - Provence-Alpes-Côte d'Azur,93,Provence-Alpes-Côte d'Azur,06 - Alpes-Maritimes,06,Alpes Maritimes,M,4759,212726,1227413,867,161203,105761,5.61,34.1570095,0.4833900325,70.66138564
06 - Alpes-Maritimes_2021_SSR,2021,12/31/2021,93 - Provence-Alpes-Côte d'Azur,93,Provence-Alpes-Côte d'Azur,06 - Alpes-Maritimes,06,Alpes Maritimes,SSR,5220,142621,1441560,732,119012,6807,6.62,2.365104708,0.03125942729,75.6605259
06 - Alpes-Maritimes_2021_ESND,2021,12/31/2021,93 - Provence-Alpes-Côte d'Azur,93,Provence-Alpes-Côte d'Azur,06 - Alpes-Maritimes,06,Alpes Maritimes,ESND,3205,118404,915548,445,58483,34647,4.33,12.82426944,0.1638597976,78.26367192
07 - Ardèche_2021_SSR,2021,12/31/2021,84 - Auvergne-Rhône-Alpes,84,Auvergne-Rhône-Alpes,07 - Ardèche,07,Ardèche,SSR,1358,37838,371971,106,14648,1893,6.58,2.512950148,0.03348632017,75.04408175
07 - Ardèche_2021_PSY,2021,12/31/2021,84 - Auvergne-Rhône-Alpes,84,Auvergne-Rhône-Alpes,07 - Ardèche,07,Ardèche,PSY,231,2696,71985,114,15308,1133,7.87,10.57547293,0.1238690005,85.37626757
07 - Ardèche_2021_C,2021,12/31/2021,84 - Auvergne-Rhône-Alpes,84,Auvergne-Rhône-Alpes,07 - Ardèche,07,Ardèche,C,910,38894,235998,134,28706,34233,5.39,55.5519705,0.7818535327,71.0516333
07 - Ardèche_2021_M,2021,12/31/2021,84 - Auvergne-Rhône-Alpes,84,Auvergne-Rhône-Alpes,07 - Ardèche,07,Ardèche,M,1364,44507,342716,142,28842,31355,6.06,38.16560881,0.5544278645,68.83782589
07 - Ardèche_2021_ESND,2021,12/31/2021,84 - Auvergne-Rhône-Alpes,84,Auvergne-Rhône-Alpes,07 - Ardèche,07,Ardèche,ESND,281,4861,80859,16,1942,10478,4.55,46.48262078,0.5896053624,78.83683518
07 - Ardèche_2021_O,2021,12/31/2021,84 - Auvergne-Rhône-Alpes,84,Auvergne-Rhône-Alpes,07 - Ardèche,07,Ardèche,O,861,37944,233110,128,24394,6455,4.48,9.201915581,0.1240547381,74.17625253
08 - Ardennes_2021_C,2021,12/31/2021,44 - Grand Est,44,Grand Est,08 - Ardennes,08,Ardennes,C,980,37843,239591,116,15108,22268,5.58,34.73733296,0.5186148061,66.98098966
08 - Ardennes_2021_M,2021,12/31/2021,44 - Grand Est,44,Grand Est,08 - Ardennes,08,Ardennes,M,980,37843,239591,109,14623,26741,5.83,43.58401733,0.6506923465,66.98098966
08 - Ardennes_2021_ESND,2021,12/31/2021,44 - Grand Est,44,Grand Est,08 - Ardennes,08,Ardennes,ESND,912,33040,230712,70,10128,7807,5.22,12.24241168,0.1766381463,69.30785869
08 - Ardennes_2021_O,2021,12/31/2021,44 - Grand Est,44,Grand Est,08 - Ardennes,08,Ardennes,O,912,33040,230712,70,10128,5268,5.15,8.150144196,0.1175933632,69.30785869
08 - Ardennes_2021_PSY,2021,12/31/2021,44 - Grand Est,44,Grand Est,08 - Ardennes,08,Ardennes,PSY,194,2335,52379,116,16705,1146,9.67,15.65007767,0.211569904,73.97119051
08 - Ardennes_2021_SSR,2021,12/31/2021,44 - Grand Est,44,Grand Est,08 - Ardennes,08,Ardennes,SSR,1192,34900,304754,120,22251,1564,5.77,2.074165671,0.0296116868,70.04550887
09 - Ariège_2021_ESND,2021,12/31/2021,76 - Occitanie,76,Occitanie,09 - Ariège,09,Ariège,ESND,249,5037,77985,65,6860,5149,4.93,27.93042856,0.3255058024,85.80623865
09 - Ariège_2021_PSY,2021,12/31/2021,76 - Occitanie,76,Occitanie,09 - Ariège,09,Ariège,PSY,249,5037,77985,65,6860,337,8.74,3.240776806,0.03776854523,85.80623865
09 - Ariège_2021_C,2021,12/31/2021,76 - Occitanie,76,Occitanie,09 - Ariège,09,Ariège,C,570,19802,178485,147,12756,14617,5.46,38.36040375,0.4471458106,85.78947368
09 - Ariège_2021_M,2021,12/31/2021,76 - Occitanie,76,Occitanie,09 - Ariège,09,Ariège,M,570,19802,178485,147,12756,14898,5.45,39.02624369,0.4549071351,85.78947368
09 - Ariège_2021_SSR,2021,12/31/2021,76 - Occitanie,76,Occitanie,09 - Ariège,09,Ariège,SSR,600,20160,188624,155,13435,895,6.44,2.631872146,0.03055708712,86.12968037
09 - Ariège_2021_O,2021,12/31/2021,76 - Occitanie,76,Occitanie,09 - Ariège,09,Ariège,O,570,19802,178485,147,12756,2648,4.22,5.371093487,0.06260783819,85.78947368
10 - Aube_2021_O,2021,12/31/2021,44 - Grand Est,44,Grand Est,10 - Aube,10,Aube,O,915,31094,243517,146,15438,6581,4.33,8.532294333,0.1170174156,72.91473913
10 - Aube_2021_PSY,2021,12/31/2021,44 - Grand Est,44,Grand Est,10 - Aube,10,Aube,PSY,151,1557,45834,102,15670,391,9.51,6.746638846,0.08112776541,83.16066407
10 - Aube_2021_M,2021,12/31/2021,44 - Grand Est,44,Grand Est,10 - Aube,10,Aube,M,1156,36261,296668,157,24742,26004,6.59,40.61391667,0.5776368196,70.31047068
10 - Aube_2021_C,2021,12/31/2021,44 - Grand Est,44,Grand Est,10 - Aube,10,Aube,C,859,31962,208461,127,26816,25961,5.11,42.3112922,0.6363814335,66.48731402
10 - Aube_2021_SSR,2021,12/31/2021,44 - Grand Est,44,Grand Est,10 - Aube,10,Aube,SSR,1193,30808,355293,170,41990,1406,10.56,3.409698125,0.04178905861,81.59308294
10 - Aube_2021_ESND,2021,12/31/2021,44 - Grand Est,44,Grand Est,10 - Aube,10,Aube,ESND,946,28767,273385,106,9139,8750,4.75,12.03698341,0.1520291896,79.17547569
11 - Aude_2021_ESND,2021,12/31/2021,76 - Occitanie,76,Occitanie,11 - Aude,11,Aude,ESND,1105,39922,314529,113,18004,12712,4.82,15.19167917,0.1948050577,77.98400793
11 - Aude_2021_M,2021,12/31/2021,76 - Occitanie,76,Occitanie,11 - Aude,11,Aude,M,1343,54695,371400,207,43341,39369,5.62,45.13587042,0.5957290792,75.76576668
11 - Aude_2021_C,2021,12/31/2021,76 - Occitanie,76,Occitanie,11 - Aude,11,Aude,C,1073,50554,289532,195,42955,35529,4.63,42.00213714,0.5681557479,73.92715342
11 - Aude_2021_O,2021,12/31/2021,76 - Occitanie,76,Occitanie,11 - Aude,11,Aude,O,1153,52590,311860,195,42955,7654,4.28,7.784129549,0.1050443148,74.10329219
11 - Aude_2021_PSY,2021,12/31/2021,76 - Occitanie,76,Occitanie,11 - Aude,11,Aude,PSY,750,17791,205123,138,21490,1462,4.98,2.659638356,0.03549460568,74.93077626
11 - Aude_2021_SSR,2021,12/31/2021,76 - Occitanie,76,Occitanie,11 - Aude,11,Aude,SSR,1356,31270,394839,203,44290,2825,5.58,3.184931507,0.0399238677,79.77512426
12 - Aveyron_2021_PSY,2021,12/31/2021,76 - Occitanie,76,Occitanie,12 - Aveyron,12,Aveyron,PSY,780,26328,220893,255,28407,516,7.98,1.446322445,0.01864106151,77.58798736
12 - Aveyron_2021_M,2021,12/31/2021,76 - Occitanie,76,Occitanie,12 - Aveyron,12,Aveyron,M,1121,35016,317461,203,26088,23784,6.24,36.27195875,0.4674972989,77.58752581
12 - Aveyron_2021_SSR,2021,12/31/2021,76 - Occitanie,76,Occitanie,12 - Aveyron,12,Aveyron,SSR,1419,37276,399713,213,26944,1546,5.24,1.564103604,0.02026714167,77.17435586
12 - Aveyron_2021_C,2021,12/31/2021,76 - Occitanie,76,Occitanie,12 - Aveyron,12,Aveyron,C,963,33918,275806,186,25672,26556,5,37.77578628,0.4814253497,78.46655002
12 - Aveyron_2021_ESND,2021,12/31/2021,76 - Occitanie,76,Occitanie,12 - Aveyron,12,Aveyron,ESND,1104,34480,318941,192,25674,8359,4.16,8.629501688,0.1090278139,79.14954338
12 - Aveyron_2021_O,2021,12/31/2021,76 - Occitanie,76,Occitanie,12 - Aveyron,12,Aveyron,O,963,33918,275806,186,25672,4912,4.5,6.288567405,0.08014328912,78.46655002
13 - Bouches-du-Rhône_2021_SSR,2021,12/31/2021,93 - Provence-Alpes-Côte d'Azur,93,Provence-Alpes-Côte d'Azur,13 - Bouches-du-Rhône,13,Bouches-du-Rhône,SSR,9610,282066,2759444,2098,463492,13155,5.55,2.081457671,0.02645831914,78.66930851
13 - Bouches-du-Rhône_2021_O,2021,12/31/2021,93 - Provence-Alpes-Côte d'Azur,93,Provence-Alpes-Côte d'Azur,13 - Bouches-du-Rhône,13,Bouches-du-Rhône,O,6243,305860,1707480,1472,240413,51060,4.46,9.993772752,0.1333705812,74.9323626
13 - Bouches-du-Rhône_2021_C,2021,12/31/2021,93 - Provence-Alpes-Côte d'Azur,93,Provence-Alpes-Côte d'Azur,13 - Bouches-du-Rhône,13,Bouches-du-Rhône,C,8204,387627,2197833,2107,404890,202002,5.09,34.33641391,0.4678199754,73.39663913
13 - Bouches-du-Rhône_2021_ESND,2021,12/31/2021,93 - Provence-Alpes-Côte d'Azur,93,Provence-Alpes-Côte d'Azur,13 - Bouches-du-Rhône,13,Bouches-du-Rhône,ESND,2386,78586,723742,345,52146,71859,4.75,39.19326781,0.4716186846,83.10372148
13 - Bouches-du-Rhône_2021_PSY,2021,12/31/2021,93 - Provence-Alpes-Côte d'Azur,93,Provence-Alpes-Côte d'Azur,13 - Bouches-du-Rhône,13,Bouches-du-Rhône,PSY,5604,174985,1659483,1678,227589,6849,6.76,2.263512364,0.02789979771,81.13006365
13 - Bouches-du-Rhône_2021_M,2021,12/31/2021,93 - Provence-Alpes-Côte d'Azur,93,Provence-Alpes-Côte d'Azur,13 - Bouches-du-Rhône,13,Bouches-du-Rhône,M,8788,395628,2384077,2084,368362,225509,5.56,39.08910781,0.525918433,74.32541885
14 - Calvados_2021_SSR,2021,12/31/2021,28 - Normandie,28,Normandie,14 - Calvados,14,Calvados,SSR,3141,109266,953350,712,112938,3957,5.86,2.02256676,0.02432267268,83.15561312
14 - Calvados_2021_M,2021,12/31/2021,28 - Normandie,28,Normandie,14 - Calvados,14,Calvados,M,3361,146187,966458,789,122374,72223,6.01,35.38250847,0.4491247731,78.78102163
14 - Calvados_2021_O,2021,12/31/2021,28 - Normandie,28,Normandie,14 - Calvados,14,Calvados,O,2765,119880,828168,608,71421,13256,5.07,6.659359409,0.08115251978,82.05979836
14 - Calvados_2021_PSY,2021,12/31/2021,28 - Normandie,28,Normandie,14 - Calvados,14,Calvados,PSY,1946,73930,593685,623,62908,4255,9.18,5.499289023,0.06579398166,83.58346591
14 - Calvados_2021_C,2021,12/31/2021,28 - Normandie,28,Normandie,14 - Calvados,14,Calvados,C,2962,136658,837081,700,116599,62051,5.71,32.77230398,0.4232699225,77.42648895
14 - Calvados_2021_ESND,2021,12/31/2021,28 - Normandie,28,Normandie,14 - Calvados,14,Calvados,ESND,2536,100650,762514,511,51001,20397,5.14,11.3262802,0.1374933182,82.37695
15 - Cantal_2021_O,2021,12/31/2021,84 - Auvergne-Rhône-Alpes,84,Auvergne-Rhône-Alpes,15 - Cantal,15,Cantal,O,904,24086,231251,179,32855,2405,4.4,3.207055401,0.04575980212,70.0845557
15 - Cantal_2021_PSY,2021,12/31/2021,84 - Auvergne-Rhône-Alpes,84,Auvergne-Rhône-Alpes,15 - Cantal,15,Cantal,PSY,737,19597,205178,154,19657,482,9.44,1.691448114,0.02217625671,76.27293173
15 - Cantal_2021_M,2021,12/31/2021,84 - Auvergne-Rhône-Alpes,84,Auvergne-Rhône-Alpes,15 - Cantal,15,Cantal,M,1161,27967,292813,179,32855,14316,7.08,23.91827546,0.3461502051,69.09796703
15 - Cantal_2021_SSR,2021,12/31/2021,84 - Auvergne-Rhône-Alpes,84,Auvergne-Rhône-Alpes,15 - Cantal,15,Cantal,SSR,1172,25711,294692,171,31884,831,6.9,1.340385245,0.01945726386,68.8886811
15 - Cantal_2021_ESND,2021,12/31/2021,84 - Auvergne-Rhône-Alpes,84,Auvergne-Rhône-Alpes,15 - Cantal,15,Cantal,ESND,889,22598,241323,154,19657,6284,5.61,10.86436661,0.1460832163,74.37108033
15 - Cantal_2021_C,2021,12/31/2021,84 - Auvergne-Rhône-Alpes,84,Auvergne-Rhône-Alpes,15 - Cantal,15,Cantal,C,904,24086,231251,179,32855,14472,5.85,25.65801915,0.3661009033,70.0845557
16 - Charente_2021_PSY,2021,12/31/2021,75 - Nouvelle-Aquitaine,75,Nouvelle-Aquitaine,16 - Charente,16,Charente,PSY,242,2978,75503,168,7312,589,7.41,4.941118533,0.05780551766,85.47831994
16 - Charente_2021_C,2021,12/31/2021,75 - Nouvelle-Aquitaine,75,Nouvelle-Aquitaine,16 - Charente,16,Charente,C,676,32723,154562,173,37673,32963,4.85,64.79312231,1.034345764,62.64164708
16 - Charente_2021_O,2021,12/31/2021,75 - Nouvelle-Aquitaine,75,Nouvelle-Aquitaine,16 - Charente,16,Charente,O,841,36907,225703,128,25196,6673,4.22,9.173703842,0.1247659978,73.5272751
16 - Charente_2021_M,2021,12/31/2021,75 - Nouvelle-Aquitaine,75,Nouvelle-Aquitaine,16 - Charente,16,Charente,M,1596,50795,429254,349,43800,31751,5.45,29.70490438,0.4031248398,73.68661379
16 - Charente_2021_ESND,2021,12/31/2021,75 - Nouvelle-Aquitaine,75,Nouvelle-Aquitaine,16 - Charente,16,Charente,ESND,1162,38158,326292,90,13925,10657,4.43,11.1311414,0.1446879176,76.93207271
16 - Charente_2021_SSR,2021,12/31/2021,75 - Nouvelle-Aquitaine,75,Nouvelle-Aquitaine,16 - Charente,16,Charente,SSR,1319,41335,366021,121,19060,1688,5.32,1.865290226,0.02453454856,76.02708569
17 - Charente-Maritime_2021_M,2021,12/31/2021,75 - Nouvelle-Aquitaine,75,Nouvelle-Aquitaine,17 - Charente-Maritime,17,Charente Maritime,M,2641,92266,828228,758,110348,57886,5.85,35.12919038,0.408864588,85.9188871
17 - Charente-Maritime_2021_O,2021,12/31/2021,75 - Nouvelle-Aquitaine,75,Nouvelle-Aquitaine,17 - Charente-Maritime,17,Charente Maritime,O,2162,79623,685390,700,102410,11484,4.24,6.170359763,0.07104299742,86.85387705
17 - Charente-Maritime_2021_C,2021,12/31/2021,75 - Nouvelle-Aquitaine,75,Nouvelle-Aquitaine,17 - Charente-Maritime,17,Charente Maritime,C,2423,88893,749919,803,121015,65068,5.29,38.92036025,0.4589958649,84.79457708
17 - Charente-Maritime_2021_PSY,2021,12/31/2021,75 - Nouvelle-Aquitaine,75,Nouvelle-Aquitaine,17 - Charente-Maritime,17,Charente Maritime,PSY,1811,57568,592351,576,57473,1310,9.94,1.969909911,0.02198257452,89.6123386
17 - Charente-Maritime_2021_ESND,2021,12/31/2021,75 - Nouvelle-Aquitaine,75,Nouvelle-Aquitaine,17 - Charente-Maritime,17,Charente Maritime,ESND,2024,71742,675001,524,57588,17566,5.06,12.03150685,0.1316797457,91.36945693
17 - Charente-Maritime_2021_SSR,2021,12/31/2021,75 - Nouvelle-Aquitaine,75,Nouvelle-Aquitaine,17 - Charente-Maritime,17,Charente Maritime,SSR,3061,93498,952502,808,124409,3601,6.48,2.088535844,0.02449809029,85.25300623
18 - Cher_2021_M,2021,12/31/2021,24 - Centre-Val de Loire,24,Centre-Val de Loire,18 - Cher,18,Cher,M,1178,37125,333328,161,24929,25754,6.6,39.53215341,0.509937359,77.52354815
18 - Cher_2021_C,2021,12/31/2021,24 - Centre-Val de Loire,24,Centre-Val de Loire,18 - Cher,18,Cher,C,988,32749,281654,156,24438,26414,5.59,40.9445566,0.524239883,78.102712
18 - Cher_2021_PSY,2021,12/31/2021,24 - Centre-Val de Loire,24,Centre-Val de Loire,18 - Cher,18,Cher,PSY,357,1843,110300,186,10136,519,9.07,3.612547485,0.04267751587,84.64755765
18 - Cher_2021_SSR,2021,12/31/2021,24 - Centre-Val de Loire,24,Centre-Val de Loire,18 - Cher,18,Cher,SSR,1151,32396,346247,132,19840,1309,6.94,2.162374588,0.0262369349,82.41719529
18 - Cher_2021_O,2021,12/31/2021,24 - Centre-Val de Loire,24,Centre-Val de Loire,18 - Cher,18,Cher,O,1159,36404,329926,151,22528,5414,4.64,5.938269883,0.0761411953,77.99023721
18 - Cher_2021_ESND,2021,12/31/2021,24 - Centre-Val de Loire,24,Centre-Val de Loire,18 - Cher,18,Cher,ESND,1404,33327,426863,296,19205,7269,5.9,8.368867814,0.1004704085,83.29684268
19 - Corrèze_2021_M,2021,12/31/2021,75 - Nouvelle-Aquitaine,75,Nouvelle-Aquitaine,19 - Corrèze,19,Correze,M,1289,44464,388122,263,35202,22065,6.12,28.70182896,0.3479261675,82.49402213
19 - Corrèze_2021_ESND,2021,12/31/2021,75 - Nouvelle-Aquitaine,75,Nouvelle-Aquitaine,19 - Corrèze,19,Correze,ESND,1286,38963,404344,241,24035,7649,4.54,7.398210443,0.08588345567,86.14244019
19 - Corrèze_2021_O,2021,12/31/2021,75 - Nouvelle-Aquitaine,75,Nouvelle-Aquitaine,19 - Corrèze,19,Correze,O,1224,44046,369484,263,35202,4209,4.26,4.0134166,0.04852805534,82.70301728
19 - Corrèze_2021_PSY,2021,12/31/2021,75 - Nouvelle-Aquitaine,75,Nouvelle-Aquitaine,19 - Corrèze,19,Correze,PSY,1104,34887,344415,276,28845,772,9.32,1.785546953,0.02089061162,85.47126266
19 - Corrèze_2021_C,2021,12/31/2021,75 - Nouvelle-Aquitaine,75,Nouvelle-Aquitaine,19 - Corrèze,19,Correze,C,1224,44046,369484,263,35202,22602,5.5,27.82500672,0.3364448799,82.70301728
19 - Corrèze_2021_SSR,2021,12/31/2021,75 - Nouvelle-Aquitaine,75,Nouvelle-Aquitaine,19 - Corrèze,19,Correze,SSR,1339,39775,422247,283,35863,1351,5.78,1.597753384,0.01849339368,86.39589962
21 - Côte-d'Or_2021_ESND,2021,12/31/2021,27 - Bourgogne-Franche-Comté,27,Bourgogne-Franche-Comté,21 - Côte-d'Or,21,Côte d'Or,ESND,2097,74200,631793,590,64185,19026,4.68,11.6332765,0.1409348948,82.5436207
21 - Côte-d'Or_2021_M,2021,12/31/2021,27 - Bourgogne-Franche-Comté,27,Bourgogne-Franche-Comté,21 - Côte-d'Or,21,Côte d'Or,M,2774,118896,797396,926,117397,46163,5.55,25.30391305,0.3213016494,78.75438267
21 - Côte-d'Or_2021_PSY,2021,12/31/2021,27 - Bourgogne-Franche-Comté,27,Bourgogne-Franche-Comté,21 - Côte-d'Or,21,Côte d'Or,PSY,1723,64499,515985,608,70519,1864,9.62,2.851299502,0.03475232807,82.04628754
21 - Côte-d'Or_2021_SSR,2021,12/31/2021,27 - Bourgogne-Franche-Comté,27,Bourgogne-Franche-Comté,21 - Côte-d'Or,21,Côte d'Or,SSR,2343,76013,705140,536,92831,3201,5.06,1.893961026,0.02296999177,82.45370939
21 - Côte-d'Or_2021_C,2021,12/31/2021,27 - Bourgogne-Franche-Comté,27,Bourgogne-Franche-Comté,21 - Côte-d'Or,21,Côte d'Or,C,2148,111190,619630,717,103558,50236,4.98,31.90929823,0.4037494634,79.03242264
21 - Côte-d'Or_2021_O,2021,12/31/2021,27 - Bourgogne-Franche-Comté,27,Bourgogne-Franche-Comté,21 - Côte-d'Or,21,Côte d'Or,O,2136,97076,612709,546,85111,10452,4.97,6.662875173,0.08478158473,78.58870761
22 - Côtes-d'Armor_2021_M,2021,12/31/2021,53 - Bretagne,53,Bretagne,22 - Côtes-d'Armor,22,Côtes d'Armor,M,2347,86343,695226,437,78165,54132,6.2,39.17777869,0.482747193,81.15589123
22 - Côtes-d'Armor_2021_PSY,2021,12/31/2021,53 - Bretagne,53,Bretagne,22 - Côtes-d'Armor,22,Côtes d'Armor,PSY,486,5073,152635,204,37413,2951,8,13.30852923,0.1546696367,86.04487288
22 - Côtes-d'Armor_2021_C,2021,12/31/2021,53 - Bretagne,53,Bretagne,22 - Côtes-d'Armor,22,Côtes d'Armor,C,1773,78212,531275,375,72141,59756,5.35,49.40076799,0.601749753,82.09520278
22 - Côtes-d'Armor_2021_ESND,2021,12/31/2021,53 - Bretagne,53,Bretagne,22 - Côtes-d'Armor,22,Côtes d'Armor,ESND,1134,33242,358418,173,27686,15970,5.23,20.17904859,0.2330326602,86.59322075
22 - Côtes-d'Armor_2021_O,2021,12/31/2021,53 - Bretagne,53,Bretagne,22 - Côtes-d'Armor,22,Côtes d'Armor,O,1800,79212,564283,355,63551,12122,5.29,9.760331811,0.1136404605,85.88782344
22 - Côtes-d'Armor_2021_SSR,2021,12/31/2021,53 - Bretagne,53,Bretagne,22 - Côtes-d'Armor,22,Côtes d'Armor,SSR,2325,75764,723193,377,60533,3319,6.6,2.581281485,0.03028983964,85.2193843
23 - Creuse_2021_M,2021,12/31/2021,75 - Nouvelle-Aquitaine,75,Nouvelle-Aquitaine,23 - Creuse,23,Creuse,M,760,16292,192370,203,18611,12304,6.52,28.91927902,0.4170197016,69.34751262
23 - Creuse_2021_ESND,2021,12/31/2021,75 - Nouvelle-Aquitaine,75,Nouvelle-Aquitaine,23 - Creuse,23,Creuse,ESND,563,12090,150819,30,2432,4126,4.55,9.135648069,0.124475696,73.39302659
23 - Creuse_2021_C,2021,12/31/2021,75 - Nouvelle-Aquitaine,75,Nouvelle-Aquitaine,23 - Creuse,23,Creuse,C,398,11840,99427,48,5992,12156,5.63,47.1110897,0.6883269132,68.44289943
23 - Creuse_2021_SSR,2021,12/31/2021,75 - Nouvelle-Aquitaine,75,Nouvelle-Aquitaine,23 - Creuse,23,Creuse,SSR,899,16252,251993,224,18054,649,6.21,1.228241425,0.01599365855,76.79552623
23 - Creuse_2021_PSY,2021,12/31/2021,75 - Nouvelle-Aquitaine,75,Nouvelle-Aquitaine,23 - Creuse,23,Creuse,PSY,163,1296,45538,135,10277,1196,7.65,15.37843516,0.2009179147,76.54088579
23 - Creuse_2021_O,2021,12/31/2021,75 - Nouvelle-Aquitaine,75,Nouvelle-Aquitaine,23 - Creuse,23,Creuse,O,287,9039,75805,17,1930,1748,4.37,7.292024247,0.1007685509,72.36408763
24 - Dordogne_2021_M,2021,12/31/2021,75 - Nouvelle-Aquitaine,75,Nouvelle-Aquitaine,24 - Dordogne,24,Dordogne,M,1731,58846,486587,392,47211,40968,5.74,37.21917333,0.4832770296,77.01415763
24 - Dordogne_2021_PSY,2021,12/31/2021,75 - Nouvelle-Aquitaine,75,Nouvelle-Aquitaine,24 - Dordogne,24,Dordogne,PSY,1242,31796,383519,341,37387,1419,7.36,2.303805175,0.02723161043,84.60040147
24 - Dordogne_2021_O,2021,12/31/2021,75 - Nouvelle-Aquitaine,75,Nouvelle-Aquitaine,24 - Dordogne,24,Dordogne,O,1101,47374,333393,255,26191,6690,4.55,7.57455862,0.09130215691,82.96144228
24 - Dordogne_2021_C,2021,12/31/2021,75 - Nouvelle-Aquitaine,75,Nouvelle-Aquitaine,24 - Dordogne,24,Dordogne,C,1227,55810,350316,283,32779,43269,5.21,50.33582075,0.6435089748,78.22085273
24 - Dordogne_2021_SSR,2021,12/31/2021,75 - Nouvelle-Aquitaine,75,Nouvelle-Aquitaine,24 - Dordogne,24,Dordogne,SSR,1845,44468,537708,342,39216,2990,5.64,2.504154137,0.03136200317,79.84675354
24 - Dordogne_2021_ESND,2021,12/31/2021,75 - Nouvelle-Aquitaine,75,Nouvelle-Aquitaine,24 - Dordogne,24,Dordogne,ESND,1176,41148,357904,213,18565,14963,4.83,16.83703523,0.2019292604,83.38085919
25 - Doubs_2021_C,2021,12/31/2021,27 - Bourgogne-Franche-Comté,27,Bourgogne-Franche-Comté,25 - Doubs,25,Doubs,C,1607,78554,404937,302,60048,42195,5.64,40.57246124,0.5876958638,69.03649274
25 - Doubs_2021_SSR,2021,12/31/2021,27 - Bourgogne-Franche-Comté,27,Bourgogne-Franche-Comté,25 - Doubs,25,Doubs,SSR,1060,25371,252729,226,52132,2672,6.57,4.537358491,0.06946191375,65.32153011
25 - Doubs_2021_ESND,2021,12/31/2021,27 - Bourgogne-Franche-Comté,27,Bourgogne-Franche-Comté,25 - Doubs,25,Doubs,ESND,627,12728,190522,51,11400,15618,4.52,30.84632628,0.3705260285,83.25009285
25 - Doubs_2021_PSY,2021,12/31/2021,27 - Bourgogne-Franche-Comté,27,Bourgogne-Franche-Comté,25 - Doubs,25,Doubs,PSY,1625,66030,451741,318,46733,2050,8.51,2.941285564,0.0386183676,76.16286617
25 - Doubs_2021_M,2021,12/31/2021,27 - Bourgogne-Franche-Comté,27,Bourgogne-Franche-Comté,25 - Doubs,25,Doubs,M,1854,80423,461461,354,65545,42731,6.07,38.3291469,0.5620782038,68.19183993
25 - Doubs_2021_O,2021,12/31/2021,27 - Bourgogne-Franche-Comté,27,Bourgogne-Franche-Comté,25 - Doubs,25,Doubs,O,1398,67872,375232,240,45188,11428,4.26,9.540690223,0.1297418131,73.53597115
26 - Drôme_2021_O,2021,12/31/2021,84 - Auvergne-Rhône-Alpes,84,Auvergne-Rhône-Alpes,26 - Drôme,26,Drôme,O,1470,63392,485294,332,23345,11188,4.74,9.883723791,0.1092762738,90.44711583
26 - Drôme_2021_ESND,2021,12/31/2021,84 - Auvergne-Rhône-Alpes,84,Auvergne-Rhône-Alpes,26 - Drôme,26,Drôme,ESND,1472,53182,455361,288,30127,15796,4.57,13.43577278,0.1585285521,84.75301519
26 - Drôme_2021_M,2021,12/31/2021,84 - Auvergne-Rhône-Alpes,84,Auvergne-Rhône-Alpes,26 - Drôme,26,Drôme,M,1886,75089,580736,478,54687,43467,6.09,38.45407836,0.4558250737,84.36148114
26 - Drôme_2021_SSR,2021,12/31/2021,84 - Auvergne-Rhône-Alpes,84,Auvergne-Rhône-Alpes,26 - Drôme,26,Drôme,SSR,1965,68618,567293,282,38707,2732,7.24,2.757806825,0.0348667796,79.09554185
26 - Drôme_2021_PSY,2021,12/31/2021,84 - Auvergne-Rhône-Alpes,84,Auvergne-Rhône-Alpes,26 - Drôme,26,Drôme,PSY,448,3984,124337,160,21013,1279,9.69,7.579201321,0.09967676556,76.03779354
26 - Drôme_2021_C,2021,12/31/2021,84 - Auvergne-Rhône-Alpes,84,Auvergne-Rhône-Alpes,26 - Drôme,26,Drôme,C,1651,70931,513960,478,54687,49630,5.26,43.32016296,0.5079262978,85.28828522
27 - Eure_2021_C,2021,12/31/2021,28 - Normandie,28,Normandie,27 - Eure,27,Eure,C,976,44210,278115,142,24476,50446,5.12,72.50267236,0.9286932384,78.06955985
27 - Eure_2021_M,2021,12/31/2021,28 - Normandie,28,Normandie,27 - Eure,27,Eure,M,1090,45837,316938,167,24694,51967,5.65,73.80006284,0.9264068998,79.66268694
27 - Eure_2021_O,2021,12/31/2021,28 - Normandie,28,Normandie,27 - Eure,27,Eure,O,757,34046,212081,63,11333,13542,5.16,25.28970522,0.3294812831,76.75612095
27 - Eure_2021_ESND,2021,12/31/2021,28 - Normandie,28,Normandie,27 - Eure,27,Eure,ESND,947,35816,288770,118,10044,18082,4.79,25.05758054,0.2999369048,83.54283896
27 - Eure_2021_PSY,2021,12/31/2021,28 - Normandie,28,Normandie,27 - Eure,27,Eure,PSY,464,3846,160102,204,22631,1279,7.52,5.679074162,0.06007470238,94.53353803
27 - Eure_2021_SSR,2021,12/31/2021,28 - Normandie,28,Normandie,27 - Eure,27,Eure,SSR,1758,44399,525307,198,45258,3026,5.61,2.645574828,0.03231607422,81.8656007
28 - Eure-et-Loir_2021_SSR,2021,12/31/2021,24 - Centre-Val de Loire,24,Centre-Val de Loire,28 - Eure-et-Loir,28,Eure et Loir,SSR,2049,60841,574963,295,46392,2100,7.99,2.243526745,0.02918274741,76.87853079
28 - Eure-et-Loir_2021_O,2021,12/31/2021,24 - Centre-Val de Loire,24,Centre-Val de Loire,28 - Eure-et-Loir,28,Eure et Loir,O,1551,60769,429129,229,42874,8998,4.6,7.311376664,0.09645304792,75.80244297
28 - Eure-et-Loir_2021_C,2021,12/31/2021,24 - Centre-Val de Loire,24,Centre-Val de Loire,28 - Eure-et-Loir,28,Eure et Loir,C,1551,60769,429129,229,42874,37007,5.41,35.36522968,0.466544722,75.80244297
28 - Eure-et-Loir_2021_M,2021,12/31/2021,24 - Centre-Val de Loire,24,Centre-Val de Loire,28 - Eure-et-Loir,28,Eure et Loir,M,1792,62207,480619,255,45390,38035,6.29,36.57658849,0.4977750567,73.48015533
28 - Eure-et-Loir_2021_ESND,2021,12/31/2021,24 - Centre-Val de Loire,24,Centre-Val de Loire,28 - Eure-et-Loir,28,Eure et Loir,ESND,1054,23688,311299,228,32165,9935,5.48,14.15190663,0.1748923061,80.91783421
28 - Eure-et-Loir_2021_PSY,2021,12/31/2021,24 - Centre-Val de Loire,24,Centre-Val de Loire,28 - Eure-et-Loir,28,Eure et Loir,PSY,1372,49361,397604,310,39455,1131,7.44,1.680306722,0.02116336858,79.39694077
29 - Finistère_2021_M,2021,12/31/2021,53 - Bretagne,53,Bretagne,29 - Finistère,29,Finistère,M,4274,159638,1254665,1110,169336,82553,6.04,31.96262332,0.3974129509,80.42672803
29 - Finistère_2021_SSR,2021,12/31/2021,53 - Bretagne,53,Bretagne,29 - Finistère,29,Finistère,SSR,4120,110347,1230353,981,163669,4836,6.13,1.971317994,0.02409445094,81.81626546
29 - Finistère_2021_C,2021,12/31/2021,53 - Bretagne,53,Bretagne,29 - Finistère,29,Finistère,C,3780,150350,1086738,933,144810,91531,5.15,34.1657353,0.4337610813,78.76625353
29 - Finistère_2021_ESND,2021,12/31/2021,53 - Bretagne,53,Bretagne,29 - Finistère,29,Finistère,ESND,3523,120803,1103321,987,103975,30361,5.57,13.15121141,0.1532743145,85.80179564
29 - Finistère_2021_PSY,2021,12/31/2021,53 - Bretagne,53,Bretagne,29 - Finistère,29,Finistère,PSY,3289,99615,1029777,999,113871,2011,9.74,1.631602227,0.01902075886,85.78008055
29 - Finistère_2021_O,2021,12/31/2021,53 - Bretagne,53,Bretagne,29 - Finistère,29,Finistère,O,3243,124616,965752,695,91156,16856,5.02,7.148557694,0.08761785634,81.58790905
30 - Gard_2021_PSY,2021,12/31/2021,76 - Occitanie,76,Occitanie,30 - Gard,30,Gard,PSY,2742,75365,782784,565,102382,2210,10.8,2.384820599,0.03049116998,78.21348281
30 - Gard_2021_M,2021,12/31/2021,76 - Occitanie,76,Occitanie,30 - Gard,30,Gard,M,2954,106464,784767,568,110623,71218,6.39,42.20727131,0.5798957143,72.78424426
30 - Gard_2021_SSR,2021,12/31/2021,76 - Occitanie,76,Occitanie,30 - Gard,30,Gard,SSR,2841,76842,793085,417,95365,4909,6.83,3.233327065,0.04227601077,76.48136629
30 - Gard_2021_C,2021,12/31/2021,76 - Occitanie,76,Occitanie,30 - Gard,30,Gard,C,2687,103528,701193,552,114819,73598,5.3,39.77235905,0.5562939162,71.49522562
30 - Gard_2021_ESND,2021,12/31/2021,76 - Occitanie,76,Occitanie,30 - Gard,30,Gard,ESND,2379,78823,666040,379,70842,30829,4.69,16.6511784,0.2170860759,76.70311573
30 - Gard_2021_O,2021,12/31/2021,76 - Occitanie,76,Occitanie,30 - Gard,30,Gard,O,2524,95922,669396,496,103289,16488,4.91,8.787538806,0.1209389958,72.66092091
31 - Haute-Garonne_2021_ESND,2021,12/31/2021,76 - Occitanie,76,Occitanie,31 - Haute-Garonne,31,Haute-Garonne,ESND,3404,138295,1009266,747,116655,48878,3.8,14.94908488,0.1840311672,81.231267
31 - Haute-Garonne_2021_SSR,2021,12/31/2021,76 - Occitanie,76,Occitanie,31 - Haute-Garonne,31,Haute-Garonne,SSR,5332,179597,1517941,1050,240552,7372,5.09,1.928058042,0.02471998582,77.99592021
31 - Haute-Garonne_2021_C,2021,12/31/2021,76 - Occitanie,76,Occitanie,31 - Haute-Garonne,31,Haute-Garonne,C,4911,259560,1344289,1117,288159,116649,4.95,32.212425,0.4295300713,74.99457466
31 - Haute-Garonne_2021_O,2021,12/31/2021,76 - Occitanie,76,Occitanie,31 - Haute-Garonne,31,Haute-Garonne,O,4230,223679,1122774,848,227707,31157,4.41,8.899405421,0.1223775844,72.72087827
31 - Haute-Garonne_2021_M,2021,12/31/2021,76 - Occitanie,76,Occitanie,31 - Haute-Garonne,31,Haute-Garonne,M,5524,266584,1531306,1157,291777,117189,5.21,30.28154553,0.3987150119,75.94784403
31 - Haute-Garonne_2021_PSY,2021,12/31/2021,76 - Occitanie,76,Occitanie,31 - Haute-Garonne,31,Haute-Garonne,PSY,4074,156816,1211829,926,183931,4642,6.13,1.913602464,0.02348141528,81.49434099
32 - Gers_2021_C,2021,12/31/2021,76 - Occitanie,76,Occitanie,32 - Gers,32,Gers,C,413,15609,104739,54,10515,20272,5.44,73.156443,1.052899875,69.48091147
32 - Gers_2021_SSR,2021,12/31/2021,76 - Occitanie,76,Occitanie,32 - Gers,32,Gers,SSR,980,19562,261747,112,8325,1343,6.49,2.436698351,0.03329959847,73.17500699
32 - Gers_2021_ESND,2021,12/31/2021,76 - Occitanie,76,Occitanie,32 - Gers,32,Gers,ESND,671,16808,182841,22,5140,6669,4.77,12.98864096,0.1739824766,74.65488026
32 - Gers_2021_M,2021,12/31/2021,76 - Occitanie,76,Occitanie,32 - Gers,32,Gers,M,751,17729,203116,22,5140,19330,5.59,39.41947723,0.531985171,74.09882713
32 - Gers_2021_O,2021,12/31/2021,76 - Occitanie,76,Occitanie,32 - Gers,32,Gers,O,383,13858,99573,22,5140,3087,3.85,8.501698916,0.1193591636,71.22786938
32 - Gers_2021_PSY,2021,12/31/2021,76 - Occitanie,76,Occitanie,32 - Gers,32,Gers,PSY,200,1419,67321,72,9251,452,8.12,5.027726027,0.05451850091,92.22054795
33 - Gironde_2021_SSR,2021,12/31/2021,75 - Nouvelle-Aquitaine,75,Nouvelle-Aquitaine,33 - Gironde,33,Gironde,SSR,6521,287215,1879919,1532,286025,10719,5.46,2.458894236,0.03113205409,78.98271758
33 - Gironde_2021_M,2021,12/31/2021,75 - Nouvelle-Aquitaine,75,Nouvelle-Aquitaine,33 - Gironde,33,Gironde,M,6611,329032,1852569,1827,310445,156524,5.38,34.89821323,0.4545574929,76.7740358
33 - Gironde_2021_O,2021,12/31/2021,75 - Nouvelle-Aquitaine,75,Nouvelle-Aquitaine,33 - Gironde,33,Gironde,O,4874,254598,1395539,1111,181043,36650,5.1,10.5066863,0.1339374966,78.44469677
33 - Gironde_2021_PSY,2021,12/31/2021,75 - Nouvelle-Aquitaine,75,Nouvelle-Aquitaine,33 - Gironde,33,Gironde,PSY,4528,165931,1325782,1351,206128,4204,9.17,2.332559659,0.02907769151,80.21818578
33 - Gironde_2021_ESND,2021,12/31/2021,75 - Nouvelle-Aquitaine,75,Nouvelle-Aquitaine,33 - Gironde,33,Gironde,ESND,2900,125203,809897,371,72050,61207,4.79,27.69782995,0.3619985381,76.51365139
33 - Gironde_2021_C,2021,12/31/2021,75 - Nouvelle-Aquitaine,75,Nouvelle-Aquitaine,33 - Gironde,33,Gironde,C,6050,323837,1632777,1576,308353,156085,4.83,34.13972829,0.4617229113,73.93986188
34 - Hérault_2021_O,2021,12/31/2021,76 - Occitanie,76,Occitanie,34 - Hérault,34,Hérault,O,3710,147900,1043565,969,184310,25963,4.37,8.378562936,0.1087218429,77.06421002
34 - Hérault_2021_SSR,2021,12/31/2021,76 - Occitanie,76,Occitanie,34 - Hérault,34,Hérault,SSR,5339,135038,1548951,1223,247980,8786,5.37,2.421099842,0.03045985315,79.48494793
34 - Hérault_2021_ESND,2021,12/31/2021,76 - Occitanie,76,Occitanie,34 - Hérault,34,Hérault,ESND,3483,117700,1018099,871,145678,45404,4.84,17.28594543,0.2158487141,80.08361553
34 - Hérault_2021_C,2021,12/31/2021,76 - Occitanie,76,Occitanie,34 - Hérault,34,Hérault,C,5012,218986,1360418,1385,284156,115618,5.27,33.30674108,0.4478820921,74.36497611
34 - Hérault_2021_M,2021,12/31/2021,76 - Occitanie,76,Occitanie,34 - Hérault,34,Hérault,M,5492,222950,1494400,1464,305252,104461,6.13,31.94414441,0.4284970088,74.54928214
34 - Hérault_2021_PSY,2021,12/31/2021,76 - Occitanie,76,Occitanie,34 - Hérault,34,Hérault,PSY,3941,120398,1173958,874,159103,4153,6.87,1.983441377,0.02430334816,81.61185708
35 - Ille-et-Vilaine_2021_M,2021,12/31/2021,53 - Bretagne,53,Bretagne,35 - Ille-et-Vilaine,35,Ille-et-Vilaine,M,4751,189394,1384617,799,165178,73726,6.43,27.33718237,0.3423749528,79.84574264
35 - Ille-et-Vilaine_2021_PSY,2021,12/31/2021,53 - Bretagne,53,Bretagne,35 - Ille-et-Vilaine,35,Ille-et-Vilaine,PSY,2157,56861,649150,750,101950,8559,9.17,9.968948502,0.1209058461,82.45216276
35 - Ille-et-Vilaine_2021_O,2021,12/31/2021,53 - Bretagne,53,Bretagne,35 - Ille-et-Vilaine,35,Ille-et-Vilaine,O,3340,154322,1012925,520,107947,22409,4.92,9.043743745,0.1088454525,83.08793372
35 - Ille-et-Vilaine_2021_C,2021,12/31/2021,53 - Bretagne,53,Bretagne,35 - Ille-et-Vilaine,35,Ille-et-Vilaine,C,3942,180863,1155976,707,148885,82077,5.33,30.40459332,0.3784424677,80.34138849
35 - Ille-et-Vilaine_2021_SSR,2021,12/31/2021,53 - Bretagne,53,Bretagne,35 - Ille-et-Vilaine,35,Ille-et-Vilaine,SSR,4385,146963,1318569,709,142549,5059,6.67,2.108278846,0.0255910233,82.3835304
35 - Ille-et-Vilaine_2021_ESND,2021,12/31/2021,53 - Bretagne,53,Bretagne,35 - Ille-et-Vilaine,35,Ille-et-Vilaine,ESND,3995,133612,1235425,837,105863,34431,5.98,14.12021054,0.1666611733,84.72405575
36 - Indre_2021_C,2021,12/31/2021,24 - Centre-Val de Loire,24,Centre-Val de Loire,36 - Indre,36,Indre,C,805,23258,226433,195,18001,21485,5.78,42.26437505,0.5484328698,77.06389858
36 - Indre_2021_PSY,2021,12/31/2021,24 - Centre-Val de Loire,24,Centre-Val de Loire,36 - Indre,36,Indre,PSY,805,21074,237141,155,12913,421,10.46,1.498735642,0.01856979603,80.7082447
36 - Indre_2021_SSR,2021,12/31/2021,24 - Centre-Val de Loire,24,Centre-Val de Loire,36 - Indre,36,Indre,SSR,1329,30225,370676,212,21924,1313,6,1.62404527,0.02125306197,76.41464898
36 - Indre_2021_O,2021,12/31/2021,24 - Centre-Val de Loire,24,Centre-Val de Loire,36 - Indre,36,Indre,O,951,23940,275557,159,13452,3668,5.7,6.023248779,0.07587395711,79.38493007
36 - Indre_2021_M,2021,12/31/2021,24 - Centre-Val de Loire,24,Centre-Val de Loire,36 - Indre,36,Indre,M,1190,29252,331381,212,21924,20094,6.51,30.11671233,0.3947478582,76.29354207
36 - Indre_2021_ESND,2021,12/31/2021,24 - Centre-Val de Loire,24,Centre-Val de Loire,36 - Indre,36,Indre,ESND,1098,24393,316392,159,13452,6210,6.09,9.436559623,0.1195317834,78.94602889
37 - Indre-et-Loire_2021_C,2021,12/31/2021,24 - Centre-Val de Loire,24,Centre-Val de Loire,37 - Indre-et-Loire,37,Indre-et-Loire,C,2443,109332,662845,503,99177,51531,5.12,29.58844897,0.3980398434,74.33539495
37 - Indre-et-Loire_2021_ESND,2021,12/31/2021,24 - Centre-Val de Loire,24,Centre-Val de Loire,37 - Indre-et-Loire,37,Indre-et-Loire,ESND,429,6835,137402,84,12939,14406,4.71,43.33254143,0.4938229429,87.74914583
37 - Indre-et-Loire_2021_PSY,2021,12/31/2021,24 - Centre-Val de Loire,24,Centre-Val de Loire,37 - Indre-et-Loire,37,Indre-et-Loire,PSY,2426,85195,715196,498,79459,1526,6.32,1.08915064,0.01348486289,80.76838812
37 - Indre-et-Loire_2021_SSR,2021,12/31/2021,24 - Centre-Val de Loire,24,Centre-Val de Loire,37 - Indre-et-Loire,37,Indre-et-Loire,SSR,3249,104678,890920,564,94914,2762,5.86,1.364830485,0.01816697347,75.12701485
37 - Indre-et-Loire_2021_M,2021,12/31/2021,24 - Centre-Val de Loire,24,Centre-Val de Loire,37 - Indre-et-Loire,37,Indre-et-Loire,M,2886,117334,799495,587,112116,51791,5.49,26.99214821,0.3556402354,75.89734097
37 - Indre-et-Loire_2021_O,2021,12/31/2021,24 - Centre-Val de Loire,24,Centre-Val de Loire,37 - Indre-et-Loire,37,Indre-et-Loire,O,2528,99411,703688,518,87736,12454,5.28,7.126443558,0.09344641375,76.26235478
38 - Isère_2021_ESND,2021,12/31/2021,84 - Auvergne-Rhône-Alpes,84,Auvergne-Rhône-Alpes,38 - Isère,38,Isère,ESND,2693,101933,825689,460,60909,33954,4.77,16.47707451,0.1961520379,84.00154637
38 - Isère_2021_O,2021,12/31/2021,84 - Auvergne-Rhône-Alpes,84,Auvergne-Rhône-Alpes,38 - Isère,38,Isère,O,3567,162207,1033203,712,131784,27488,5.16,10.89423828,0.1372799731,79.35781191
38 - Isère_2021_C,2021,12/31/2021,84 - Auvergne-Rhône-Alpes,84,Auvergne-Rhône-Alpes,38 - Isère,38,Isère,C,3451,162044,995168,734,141319,111842,5.43,48.21330803,0.6102507918,79.00572794
38 - Isère_2021_SSR,2021,12/31/2021,84 - Auvergne-Rhône-Alpes,84,Auvergne-Rhône-Alpes,38 - Isère,38,Isère,SSR,4101,127530,1184067,700,116628,7719,6.15,3.171418264,0.04009219917,79.10312553
38 - Isère_2021_PSY,2021,12/31/2021,84 - Auvergne-Rhône-Alpes,84,Auvergne-Rhône-Alpes,38 - Isère,38,Isère,PSY,3056,106853,939980,817,109066,4103,6.86,2.523361185,0.02994380732,84.26988453
38 - Isère_2021_M,2021,12/31/2021,84 - Auvergne-Rhône-Alpes,84,Auvergne-Rhône-Alpes,38 - Isère,38,Isère,M,3890,167331,1127965,714,135339,110691,6.02,46.93170546,0.5907628517,79.44254675
39 - Jura_2021_ESND,2021,12/31/2021,27 - Bourgogne-Franche-Comté,27,Bourgogne-Franche-Comté,39 - Jura,39,Jura,ESND,889,28447,260179,69,9941,7097,4.84,10.58584526,0.1320224922,80.18213477
39 - Jura_2021_M,2021,12/31/2021,27 - Bourgogne-Franche-Comté,27,Bourgogne-Franche-Comté,39 - Jura,39,Jura,M,1270,33419,365920,256,35319,24240,5.84,30.53858268,0.3868648885,78.93862582
39 - Jura_2021_O,2021,12/31/2021,27 - Bourgogne-Franche-Comté,27,Bourgogne-Franche-Comté,39 - Jura,39,Jura,O,889,28447,260179,69,9941,4578,3.9,5.502319059,0.06862275587,80.18213477
39 - Jura_2021_SSR,2021,12/31/2021,27 - Bourgogne-Franche-Comté,27,Bourgogne-Franche-Comté,39 - Jura,39,Jura,SSR,1218,32065,341610,107,16694,1420,5.9,1.884517624,0.02452504318,76.84054255
39 - Jura_2021_PSY,2021,12/31/2021,27 - Bourgogne-Franche-Comté,27,Bourgogne-Franche-Comté,39 - Jura,39,Jura,PSY,237,1796,77455,160,17918,843,9.03,8.7998266,0.09828016268,89.53817698
39 - Jura_2021_C,2021,12/31/2021,27 - Bourgogne-Franche-Comté,27,Bourgogne-Franche-Comté,39 - Jura,39,Jura,C,953,30720,267414,96,17401,23623,5.27,35.7898518,0.4655448481,76.87734479
40 - Landes_2021_C,2021,12/31/2021,75 - Nouvelle-Aquitaine,75,Nouvelle-Aquitaine,40 - Landes,40,Landes,C,1448,45910,394414,301,68634,44067,4.87,40.60514077,0.5441142809,74.62612579
40 - Landes_2021_PSY,2021,12/31/2021,75 - Nouvelle-Aquitaine,75,Nouvelle-Aquitaine,40 - Landes,40,Landes,PSY,1431,41292,413221,310,66087,1026,5.56,1.092168519,0.01380510671,79.11337028
40 - Landes_2021_O,2021,12/31/2021,75 - Nouvelle-Aquitaine,75,Nouvelle-Aquitaine,40 - Landes,40,Landes,O,1285,40341,375502,250,51074,7606,4.92,7.978576835,0.09965731208,80.06012473
40 - Landes_2021_ESND,2021,12/31/2021,75 - Nouvelle-Aquitaine,75,Nouvelle-Aquitaine,40 - Landes,40,Landes,ESND,1548,41534,462810,251,51198,12917,4.47,10.21892853,0.1247574383,81.91037485
40 - Landes_2021_M,2021,12/31/2021,75 - Nouvelle-Aquitaine,75,Nouvelle-Aquitaine,40 - Landes,40,Landes,M,1711,47103,481722,302,68758,38454,5.42,33.37320641,0.4326575909,77.13537705
40 - Landes_2021_SSR,2021,12/31/2021,75 - Nouvelle-Aquitaine,75,Nouvelle-Aquitaine,40 - Landes,40,Landes,SSR,2182,49850,634291,320,70816,2698,5.02,1.700583855,0.02135291215,79.64177643
41 - Loir-et-Cher_2021_SSR,2021,12/31/2021,24 - Centre-Val de Loire,24,Centre-Val de Loire,41 - Loir-et-Cher,41,Loir-et-Cher,SSR,1702,34361,474102,231,28939,1612,6.77,1.756714904,0.02301875968,76.31666211
41 - Loir-et-Cher_2021_PSY,2021,12/31/2021,24 - Centre-Val de Loire,24,Centre-Val de Loire,41 - Loir-et-Cher,41,Loir-et-Cher,PSY,1434,30648,424919,263,39144,525,6.4,0.6419441738,0.007907389408,81.18282035
41 - Loir-et-Cher_2021_O,2021,12/31/2021,24 - Centre-Val de Loire,24,Centre-Val de Loire,41 - Loir-et-Cher,41,Loir-et-Cher,O,1173,33253,312497,222,28027,6107,5.24,7.474262224,0.1024031591,72.98859031
41 - Loir-et-Cher_2021_ESND,2021,12/31/2021,24 - Centre-Val de Loire,24,Centre-Val de Loire,41 - Loir-et-Cher,41,Loir-et-Cher,ESND,960,24546,270797,158,14286,7423,5.53,11.71495148,0.1515865759,77.28224886
41 - Loir-et-Cher_2021_M,2021,12/31/2021,24 - Centre-Val de Loire,24,Centre-Val de Loire,41 - Loir-et-Cher,41,Loir-et-Cher,M,1437,38945,386676,244,32642,26484,6.55,33.07312609,0.4486189989,73.72208082
41 - Loir-et-Cher_2021_C,2021,12/31/2021,24 - Centre-Val de Loire,24,Centre-Val de Loire,41 - Loir-et-Cher,41,Loir-et-Cher,C,1173,33253,312497,222,28027,29074,5.89,39.99716451,0.5479920127,72.98859031
42 - Loire_2021_PSY,2021,12/31/2021,84 - Auvergne-Rhône-Alpes,84,Auvergne-Rhône-Alpes,42 - Loire,42,Loire,PSY,2468,89276,742130,528,75636,3403,5.92,2.236380187,0.02714586393,82.38382807
42 - Loire_2021_SSR,2021,12/31/2021,84 - Auvergne-Rhône-Alpes,84,Auvergne-Rhône-Alpes,42 - Loire,42,Loire,SSR,3579,112669,1039046,724,130194,4696,5.97,2.146089632,0.02698159658,79.53901564
42 - Loire_2021_C,2021,12/31/2021,84 - Auvergne-Rhône-Alpes,84,Auvergne-Rhône-Alpes,42 - Loire,42,Loire,C,3531,150824,991541,750,144208,73609,5.35,30.5558323,0.3971677924,76.93431563
42 - Loire_2021_O,2021,12/31/2021,84 - Auvergne-Rhône-Alpes,84,Auvergne-Rhône-Alpes,42 - Loire,42,Loire,O,3223,130687,918819,666,114179,17636,4.29,6.431380616,0.08234313831,78.10463322
42 - Loire_2021_M,2021,12/31/2021,84 - Auvergne-Rhône-Alpes,84,Auvergne-Rhône-Alpes,42 - Loire,42,Loire,M,3635,153650,1025774,779,137871,75694,6.1,34.80118332,0.4501317054,77.31333497
42 - Loire_2021_ESND,2021,12/31/2021,84 - Auvergne-Rhône-Alpes,84,Auvergne-Rhône-Alpes,42 - Loire,42,Loire,ESND,2427,86149,726961,481,67018,27660,4.32,13.48879896,0.1643708535,82.06320447
43 - Haute-Loire_2021_SSR,2021,12/31/2021,84 - Auvergne-Rhône-Alpes,84,Auvergne-Rhône-Alpes,43 - Haute-Loire,43,Haute-Loire,SSR,958,29678,297477,133,13595,1295,7.29,2.699845569,0.03173539467,85.07364086
43 - Haute-Loire_2021_M,2021,12/31/2021,84 - Auvergne-Rhône-Alpes,84,Auvergne-Rhône-Alpes,43 - Haute-Loire,43,Haute-Loire,M,829,30288,248704,152,18937,24456,5.81,46.95849431,0.5713191585,82.19310276
43 - Haute-Loire_2021_C,2021,12/31/2021,84 - Auvergne-Rhône-Alpes,84,Auvergne-Rhône-Alpes,43 - Haute-Loire,43,Haute-Loire,C,586,27651,179998,142,16244,24208,5.63,63.72015522,0.7571808576,84.15447192
43 - Haute-Loire_2021_ESND,2021,12/31/2021,84 - Auvergne-Rhône-Alpes,84,Auvergne-Rhône-Alpes,43 - Haute-Loire,43,Haute-Loire,ESND,721,26296,224734,123,10902,8381,5.16,16.43302111,0.1924317638,85.39661429
43 - Haute-Loire_2021_PSY,2021,12/31/2021,84 - Auvergne-Rhône-Alpes,84,Auvergne-Rhône-Alpes,43 - Haute-Loire,43,Haute-Loire,PSY,160,1316,57656,166,15711,715,8.25,10.10059932,0.1023093867,98.7260274
43 - Haute-Loire_2021_O,2021,12/31/2021,84 - Auvergne-Rhône-Alpes,84,Auvergne-Rhône-Alpes,43 - Haute-Loire,43,Haute-Loire,O,417,20884,137882,114,9029,4405,4.18,12.09743438,0.1335409988,90.58966525
44 - Loire-Atlantique_2021_O,2021,12/31/2021,52 - Pays de la Loire,52,Pays de la Loire,44 - Loire-Atlantique,44,Loire Atlantique,O,4022,187236,1211241,914,172060,34497,5.4,12.68937283,0.1537958177,82.50791878
44 - Loire-Atlantique_2021_PSY,2021,12/31/2021,52 - Pays de la Loire,52,Pays de la Loire,44 - Loire-Atlantique,44,Loire Atlantique,PSY,3287,132061,1059350,1040,131898,6690,8.12,4.527824431,0.05127936942,88.29719401
44 - Loire-Atlantique_2021_ESND,2021,12/31/2021,52 - Pays de la Loire,52,Pays de la Loire,44 - Loire-Atlantique,44,Loire Atlantique,ESND,4215,147442,1338362,892,117885,45291,5.26,15.48485741,0.1780016617,86.99276881
44 - Loire-Atlantique_2021_M,2021,12/31/2021,52 - Pays de la Loire,52,Pays de la Loire,44 - Loire-Atlantique,44,Loire Atlantique,M,5322,235640,1554005,1263,270343,113445,5.68,33.17156492,0.4146496311,79.99902189
44 - Loire-Atlantique_2021_C,2021,12/31/2021,52 - Pays de la Loire,52,Pays de la Loire,44 - Loire-Atlantique,44,Loire Atlantique,C,4579,222842,1322698,1218,263711,142511,4.87,41.52540155,0.5247067509,79.14020828
44 - Loire-Atlantique_2021_SSR,2021,12/31/2021,52 - Pays de la Loire,52,Pays de la Loire,44 - Loire-Atlantique,44,Loire Atlantique,SSR,5594,189757,1675399,1193,199922,8298,6.55,2.661946998,0.03244116775,82.05459862
45 - Loiret_2021_SSR,2021,12/31/2021,24 - Centre-Val de Loire,24,Centre-Val de Loire,45 - Loiret,45,Loiret,SSR,2911,80954,783036,365,57806,3734,7.29,2.561927126,0.03476322928,73.69646546
45 - Loiret_2021_PSY,2021,12/31/2021,24 - Centre-Val de Loire,24,Centre-Val de Loire,45 - Loiret,45,Loiret,PSY,881,19155,260083,215,22389,826,8.16,2.09604901,0.02591541931,80.88038188
45 - Loiret_2021_M,2021,12/31/2021,24 - Centre-Val de Loire,24,Centre-Val de Loire,45 - Loiret,45,Loiret,M,2567,87965,665575,432,79800,51502,6.05,33.25528974,0.4681472411,71.03596224
45 - Loiret_2021_O,2021,12/31/2021,24 - Centre-Val de Loire,24,Centre-Val de Loire,45 - Loiret,45,Loiret,O,2058,74151,563418,327,51354,14752,5.03,9.878264574,0.1317007266,75.00539159
45 - Loiret_2021_ESND,2021,12/31/2021,24 - Centre-Val de Loire,24,Centre-Val de Loire,45 - Loiret,45,Loiret,ESND,1849,59867,520887,236,24092,13538,5.49,11.01278292,0.142686648,77.1815939
45 - Loiret_2021_C,2021,12/31/2021,24 - Centre-Val de Loire,24,Centre-Val de Loire,45 - Loiret,45,Loiret,C,1976,69649,508085,384,67189,55801,5.58,43.17142421,0.6128297037,70.44603738
46 - Lot_2021_C,2021,12/31/2021,76 - Occitanie,76,Occitanie,46 - Lot,46,Lot,C,482,17053,120987,93,13391,18056,5.24,53.77902575,0.7820132742,68.76996533
46 - Lot_2021_O,2021,12/31/2021,76 - Occitanie,76,Occitanie,46 - Lot,46,Lot,O,482,17053,120987,93,13391,2882,4.2,6.880236458,0.1000471125,68.76996533
46 - Lot_2021_SSR,2021,12/31/2021,76 - Occitanie,76,Occitanie,46 - Lot,46,Lot,SSR,888,21912,232074,100,15526,1046,5.59,1.80400469,0.02519515327,71.60125879
46 - Lot_2021_PSY,2021,12/31/2021,76 - Occitanie,76,Occitanie,46 - Lot,46,Lot,PSY,148,1833,42441,93,10410,357,7.15,4.725194372,0.06014349332,78.56534617
46 - Lot_2021_M,2021,12/31/2021,76 - Occitanie,76,Occitanie,46 - Lot,46,Lot,M,616,19184,159738,95,13407,16629,5.55,41.04738925,0.5777645269,71.04518769
46 - Lot_2021_ESND,2021,12/31/2021,76 - Occitanie,76,Occitanie,46 - Lot,46,Lot,ESND,391,12717,103551,75,7299,5638,4.57,18.05392566,0.2488209674,72.55789511
47 - Lot-et-Garonne_2021_SSR,2021,12/31/2021,75 - Nouvelle-Aquitaine,75,Nouvelle-Aquitaine,47 - Lot-et-Garonne,47,Lot-et-Garonne,SSR,1779,53174,455988,316,49246,2218,6.12,2.09047102,0.02976867812,70.22384439
47 - Lot-et-Garonne_2021_C,2021,12/31/2021,75 - Nouvelle-Aquitaine,75,Nouvelle-Aquitaine,47 - Lot-et-Garonne,47,Lot-et-Garonne,C,984,41372,249202,157,34801,33686,4.56,42.76872703,0.6164001894,69.38467535
47 - Lot-et-Garonne_2021_M,2021,12/31/2021,75 - Nouvelle-Aquitaine,75,Nouvelle-Aquitaine,47 - Lot-et-Garonne,47,Lot-et-Garonne,M,1515,53818,403891,331,52405,33024,5.46,32.6074488,0.4464349045,73.03964917
47 - Lot-et-Garonne_2021_O,2021,12/31/2021,75 - Nouvelle-Aquitaine,75,Nouvelle-Aquitaine,47 - Lot-et-Garonne,47,Lot-et-Garonne,O,1124,47377,296541,152,29251,6305,4.84,7.438258665,0.1029071865,72.28123629
47 - Lot-et-Garonne_2021_ESND,2021,12/31/2021,75 - Nouvelle-Aquitaine,75,Nouvelle-Aquitaine,47 - Lot-et-Garonne,47,Lot-et-Garonne,ESND,878,35621,259117,131,14175,11252,4.81,16.88835772,0.2088713593,80.85530627
47 - Lot-et-Garonne_2021_PSY,2021,12/31/2021,75 - Nouvelle-Aquitaine,75,Nouvelle-Aquitaine,47 - Lot-et-Garonne,47,Lot-et-Garonne,PSY,257,2797,77351,154,17041,564,8.6,5.170726507,0.06270636449,82.45935718
48 - Lozère_2021_SSR,2021,12/31/2021,76 - Occitanie,76,Occitanie,48 - Lozère,48,Lozère,SSR,499,8929,133065,52,8691,486,7.14,1.905202185,0.02607778154,73.05844566
48 - Lozère_2021_C,2021,12/31/2021,76 - Occitanie,76,Occitanie,48 - Lozère,48,Lozère,C,174,6429,46896,32,4870,7331,5.21,60.13936388,0.8144513391,73.8403401
48 - Lozère_2021_O,2021,12/31/2021,76 - Occitanie,76,Occitanie,48 - Lozère,48,Lozère,O,174,6429,46896,32,4870,1300,4.88,9.988978114,0.1352780621,73.8403401
48 - Lozère_2021_M,2021,12/31/2021,76 - Occitanie,76,Occitanie,48 - Lozère,48,Lozère,M,334,7648,88567,32,4870,7586,6.26,38.95362152,0.5361857125,72.64949553
48 - Lozère_2021_PSY,2021,12/31/2021,76 - Occitanie,76,Occitanie,48 - Lozère,48,Lozère,PSY,114,1162,23740,54,5966,152,10.5,3.835616438,0.06722830666,57.05359289
48 - Lozère_2021_ESND,2021,12/31/2021,76 - Occitanie,76,Occitanie,48 - Lozère,48,Lozère,ESND,272,7031,74525,32,4870,2231,6.53,14.6740834,0.1954837974,75.06547139
49 - Maine-et-Loire_2021_O,2021,12/31/2021,52 - Pays de la Loire,52,Pays de la Loire,49 - Maine-et-Loire,49,Maine-et-Loire,O,2378,107910,692660,519,87731,17108,5.52,10.88011798,0.1363384056,79.80229731
49 - Maine-et-Loire_2021_SSR,2021,12/31/2021,52 - Pays de la Loire,52,Pays de la Loire,49 - Maine-et-Loire,49,Maine-et-Loire,SSR,2966,92165,885591,523,91229,4142,6.76,2.586382656,0.03161721382,81.80299098
49 - Maine-et-Loire_2021_M,2021,12/31/2021,52 - Pays de la Loire,52,Pays de la Loire,49 - Maine-et-Loire,49,Maine-et-Loire,M,2975,129017,836581,641,118052,66749,5.99,36.82067549,0.4779292262,77.0421089
49 - Maine-et-Loire_2021_PSY,2021,12/31/2021,52 - Pays de la Loire,52,Pays de la Loire,49 - Maine-et-Loire,49,Maine-et-Loire,PSY,1130,35971,368449,495,30572,2553,10,6.189841193,0.06929045811,89.33179779
49 - Maine-et-Loire_2021_C,2021,12/31/2021,52 - Pays de la Loire,52,Pays de la Loire,49 - Maine-et-Loire,49,Maine-et-Loire,C,2770,129389,774437,682,131305,76979,5.09,38.75407843,0.5059457516,76.59729984
49 - Maine-et-Loire_2021_ESND,2021,12/31/2021,52 - Pays de la Loire,52,Pays de la Loire,49 - Maine-et-Loire,49,Maine-et-Loire,ESND,2155,76129,655164,376,64769,20996,4.75,12.67914693,0.1522229549,83.29326511
50 - Manche_2021_M,2021,12/31/2021,28 - Normandie,28,Normandie,50 - Manche,50,Manche,M,1929,73367,597310,348,35264,48926,6.13,42.59661547,0.5021117678,84.8349276
50 - Manche_2021_O,2021,12/31/2021,28 - Normandie,28,Normandie,50 - Manche,50,Manche,O,1370,59496,448706,252,17175,9054,4.51,8.165891411,0.09100288385,89.73222678
50 - Manche_2021_C,2021,12/31/2021,28 - Normandie,28,Normandie,50 - Manche,50,Manche,C,1641,67931,501757,371,38420,43155,5.47,39.4109589,0.4704624948,83.77067107
50 - Manche_2021_PSY,2021,12/31/2021,28 - Normandie,28,Normandie,50 - Manche,50,Manche,PSY,367,4149,112766,263,34731,1780,11.28,14.98891419,0.1780536687,84.18200142
50 - Manche_2021_ESND,2021,12/31/2021,28 - Normandie,28,Normandie,50 - Manche,50,Manche,ESND,1007,37281,344201,146,9388,12066,5.75,18.87595054,0.2015668171,93.64612099
50 - Manche_2021_SSR,2021,12/31/2021,28 - Normandie,28,Normandie,50 - Manche,50,Manche,SSR,2716,79405,806033,661,95941,2610,6.74,1.774507233,0.02182466475,81.30742228
51 - Marne_2021_PSY,2021,12/31/2021,44 - Grand Est,44,Grand Est,51 - Marne,51,Marne,PSY,1768,51821,522435,301,46997,1821,10.94,3.087110271,0.03813247581,80.95750945
51 - Marne_2021_C,2021,12/31/2021,44 - Grand Est,44,Grand Est,51 - Marne,51,Marne,C,2335,105512,671141,442,97936,48531,4.98,28.3575583,0.3601096938,78.74700067
51 - Marne_2021_ESND,2021,12/31/2021,44 - Grand Est,44,Grand Est,51 - Marne,51,Marne,ESND,1829,67693,551167,283,45086,16065,4.46,10.7327007,0.1299967161,82.56132178
51 - Marne_2021_O,2021,12/31/2021,44 - Grand Est,44,Grand Est,51 - Marne,51,Marne,O,2078,93918,637753,386,74708,11978,4.68,7.390805174,0.08789772843,84.08414308
51 - Marne_2021_SSR,2021,12/31/2021,44 - Grand Est,44,Grand Est,51 - Marne,51,Marne,SSR,2478,69616,741784,471,76266,3335,5.85,2.157036718,0.02630112,82.01311265
51 - Marne_2021_M,2021,12/31/2021,44 - Grand Est,44,Grand Est,51 - Marne,51,Marne,M,2931,112265,855346,627,122555,50722,5.97,28.30492562,0.3540208758,79.9527021
52 - Haute-Marne_2021_ESND,2021,12/31/2021,44 - Grand Est,44,Grand Est,52 - Haute-Marne,52,Haute-Marne,ESND,523,8252,152101,194,12615,6235,4.65,15.18779958,0.1906151176,79.67783336
52 - Haute-Marne_2021_C,2021,12/31/2021,44 - Grand Est,44,Grand Est,52 - Haute-Marne,52,Haute-Marne,C,525,20894,135278,99,14742,17663,5.51,50.78832616,0.71943058,70.59517286
52 - Haute-Marne_2021_PSY,2021,12/31/2021,44 - Grand Est,44,Grand Est,52 - Haute-Marne,52,Haute-Marne,PSY,228,1612,66740,163,7682,460,7.92,4.3777938,0.05458795325,80.19706801
52 - Haute-Marne_2021_SSR,2021,12/31/2021,44 - Grand Est,44,Grand Est,52 - Haute-Marne,52,Haute-Marne,SSR,715,12775,202894,214,14462,1184,5.55,2.517942332,0.03238735497,77.74461155
52 - Haute-Marne_2021_M,2021,12/31/2021,44 - Grand Est,44,Grand Est,52 - Haute-Marne,52,Haute-Marne,M,808,27799,216023,118,17199,19551,6.11,40.50475044,0.5529809789,73.24799946
52 - Haute-Marne_2021_O,2021,12/31/2021,44 - Grand Est,44,Grand Est,52 - Haute-Marne,52,Haute-Marne,O,393,16693,113514,47,5980,3418,5.15,12.27139322,0.1550707402,79.13416292
53 - Mayenne_2021_O,2021,12/31/2021,52 - Pays de la Loire,52,Pays de la Loire,53 - Mayenne,53,Mayenne,O,1088,33187,340166,312,42194,6024,4.37,6.628948429,0.07738833393,85.65823932
53 - Mayenne_2021_C,2021,12/31/2021,52 - Pays de la Loire,52,Pays de la Loire,53 - Mayenne,53,Mayenne,C,1195,38540,365112,359,50444,26786,5.4,33.16201066,0.3961644646,83.70768614
53 - Mayenne_2021_ESND,2021,12/31/2021,52 - Pays de la Loire,52,Pays de la Loire,53 - Mayenne,53,Mayenne,ESND,1188,33938,366076,312,42194,7940,5.18,9.485079102,0.1123515336,84.42322771
53 - Mayenne_2021_M,2021,12/31/2021,52 - Pays de la Loire,52,Pays de la Loire,53 - Mayenne,53,Mayenne,M,1435,40656,429884,359,50444,24818,6.12,28.99835998,0.3533189419,82.07417307
53 - Mayenne_2021_SSR,2021,12/31/2021,52 - Pays de la Loire,52,Pays de la Loire,53 - Mayenne,53,Mayenne,SSR,1499,41125,446879,367,51366,1597,7.04,2.054863973,0.02515866711,81.67618595
53 - Mayenne_2021_PSY,2021,12/31/2021,52 - Pays de la Loire,52,Pays de la Loire,53 - Mayenne,53,Mayenne,PSY,1150,33779,362404,312,42194,1095,9.01,2.350434783,0.02722362336,86.33805837
54 - Meurthe-et-Moselle_2021_SSR,2021,12/31/2021,44 - Grand Est,44,Grand Est,54 - Meurthe-et-Moselle,54,Meurthe-et-Moselle,SSR,3424,119957,958802,736,166957,4638,5.83,2.163578607,0.02820138047,76.71889003
54 - Meurthe-et-Moselle_2021_C,2021,12/31/2021,44 - Grand Est,44,Grand Est,54 - Meurthe-et-Moselle,54,Meurthe-et-Moselle,C,2917,164109,804685,683,147262,63170,5.41,32.09806472,0.4246999758,75.57821181
54 - Meurthe-et-Moselle_2021_ESND,2021,12/31/2021,44 - Grand Est,44,Grand Est,54 - Meurthe-et-Moselle,54,Meurthe-et-Moselle,ESND,2315,88334,699378,296,57031,29035,4.71,16.18448475,0.1955378207,82.76907601
54 - Meurthe-et-Moselle_2021_M,2021,12/31/2021,44 - Grand Est,44,Grand Est,54 - Meurthe-et-Moselle,54,Meurthe-et-Moselle,M,3532,171011,976534,867,161271,72225,5.59,31.31740719,0.4134395218,75.74846026
54 - Meurthe-et-Moselle_2021_O,2021,12/31/2021,44 - Grand Est,44,Grand Est,54 - Meurthe-et-Moselle,54,Meurthe-et-Moselle,O,2294,111696,685410,385,73348,17107,5.57,11.38001338,0.1390204257,81.8585709
54 - Meurthe-et-Moselle_2021_PSY,2021,12/31/2021,44 - Grand Est,44,Grand Est,54 - Meurthe-et-Moselle,54,Meurthe-et-Moselle,PSY,599,19721,168998,240,25754,4475,9.06,18.54392023,0.239905206,77.29686464
55 - Meuse_2021_ESND,2021,12/31/2021,44 - Grand Est,44,Grand Est,55 - Meuse,55,Meuse,ESND,970,24564,289223,394,26538,7597,4.95,10.62142353,0.1300212984,81.68987431
55 - Meuse_2021_PSY,2021,12/31/2021,44 - Grand Est,44,Grand Est,55 - Meuse,55,Meuse,PSY,651,16840,177275,236,16526,586,7.84,1.93348063,0.02591589339,74.60598026
55 - Meuse_2021_SSR,2021,12/31/2021,44 - Grand Est,44,Grand Est,55 - Meuse,55,Meuse,SSR,889,23472,238542,335,18352,1078,5.67,1.883680293,0.02562341223,73.51402992
55 - Meuse_2021_O,2021,12/31/2021,44 - Grand Est,44,Grand Est,55 - Meuse,55,Meuse,O,799,23460,238494,315,17888,3889,5.39,7.187652374,0.08789198051,81.77825021
55 - Meuse_2021_C,2021,12/31/2021,44 - Grand Est,44,Grand Est,55 - Meuse,55,Meuse,C,790,24852,223804,325,26011,19357,5.52,37.05588347,0.4774295366,77.61539795
55 - Meuse_2021_M,2021,12/31/2021,44 - Grand Est,44,Grand Est,55 - Meuse,55,Meuse,M,1045,26756,298151,404,34661,18451,5.96,28.83082126,0.3688331081,78.16766075
56 - Morbihan_2021_PSY,2021,12/31/2021,53 - Bretagne,53,Bretagne,56 - Morbihan,56,Morbihan,PSY,2039,51738,657215,789,70252,2815,8.93,3.377689843,0.03824920308,88.30745665
56 - Morbihan_2021_C,2021,12/31/2021,53 - Bretagne,53,Bretagne,56 - Morbihan,56,Morbihan,C,3218,123627,977826,690,102125,75412,5.19,33.32183522,0.4002637279,83.24969989
56 - Morbihan_2021_M,2021,12/31/2021,53 - Bretagne,53,Bretagne,56 - Morbihan,56,Morbihan,M,3498,127160,1056313,709,106305,63745,6.32,31.55371758,0.3813911218,82.73322525
56 - Morbihan_2021_O,2021,12/31/2021,53 - Bretagne,53,Bretagne,56 - Morbihan,56,Morbihan,O,3007,115082,950140,607,83028,14584,4.74,6.298377758,0.07275576231,86.56878243
56 - Morbihan_2021_ESND,2021,12/31/2021,53 - Bretagne,53,Bretagne,56 - Morbihan,56,Morbihan,ESND,3275,100145,1041265,839,87038,20503,5.87,10.06818864,0.1155830744,87.10781136
56 - Morbihan_2021_SSR,2021,12/31/2021,53 - Bretagne,53,Bretagne,56 - Morbihan,56,Morbihan,SSR,3667,119760,1129655,724,120535,3705,7.02,1.943218113,0.02302393209,84.39992379
57 - Moselle_2021_PSY,2021,12/31/2021,44 - Grand Est,44,Grand Est,57 - Moselle,57,Moselle,PSY,2535,75590,725894,586,83554,4007,9.33,4.040453919,0.05150243699,78.45170355
57 - Moselle_2021_M,2021,12/31/2021,44 - Grand Est,44,Grand Est,57 - Moselle,57,Moselle,M,4657,158813,1279643,886,137841,91739,6.02,32.49012563,0.4315803548,75.28175291
57 - Moselle_2021_C,2021,12/31/2021,44 - Grand Est,44,Grand Est,57 - Moselle,57,Moselle,C,3248,141739,899335,770,122902,88356,5.65,42.10906606,0.5550894828,75.85996019
57 - Moselle_2021_ESND,2021,12/31/2021,44 - Grand Est,44,Grand Est,57 - Moselle,57,Moselle,ESND,3073,86345,862547,367,51949,35749,4.82,15.36227416,0.1997690329,76.90017786
57 - Moselle_2021_O,2021,12/31/2021,44 - Grand Est,44,Grand Est,57 - Moselle,57,Moselle,O,2424,111274,691792,481,81621,21442,5.06,12.2628193,0.1568340195,78.18979158
57 - Moselle_2021_SSR,2021,12/31/2021,44 - Grand Est,44,Grand Est,57 - Moselle,57,Moselle,SSR,3773,108658,1024688,707,105304,5337,6.65,2.577146924,0.03463595748,74.4066892
58 - Nièvre_2021_M,2021,12/31/2021,27 - Bourgogne-Franche-Comté,27,Bourgogne-Franche-Comté,58 - Nièvre,58,Nièvre,M,1043,29214,273520,134,22123,20590,6.68,36.12897464,0.5028560983,71.847542
58 - Nièvre_2021_ESND,2021,12/31/2021,27 - Bourgogne-Franche-Comté,27,Bourgogne-Franche-Comté,58 - Nièvre,58,Nièvre,ESND,921,24721,252618,94,10781,6375,5.41,10.2594708,0.136525307,75.14702601
58 - Nièvre_2021_C,2021,12/31/2021,27 - Bourgogne-Franche-Comté,27,Bourgogne-Franche-Comté,58 - Nièvre,58,Nièvre,C,730,24473,204303,129,22030,22942,5.25,45.20379058,0.5895434722,76.67592419
58 - Nièvre_2021_SSR,2021,12/31/2021,27 - Bourgogne-Franche-Comté,27,Bourgogne-Franche-Comté,58 - Nièvre,58,Nièvre,SSR,1315,27696,375035,129,14010,1005,7.06,1.478264493,0.01891903422,78.13636127
58 - Nièvre_2021_O,2021,12/31/2021,27 - Bourgogne-Franche-Comté,27,Bourgogne-Franche-Comté,58 - Nièvre,58,Nièvre,O,772,25410,222232,92,10773,3097,5.44,5.979019093,0.07581122431,78.86720136
58 - Nièvre_2021_PSY,2021,12/31/2021,27 - Bourgogne-Franche-Comté,27,Bourgogne-Franche-Comté,58 - Nièvre,58,Nièvre,PSY,780,20910,232999,153,18321,754,7.47,1.978356164,0.02417340847,81.84018265
59 - Nord_2021_PSY,2021,12/31/2021,32 - Hauts-de-France,32,Hauts-de-France,59 - Nord,59,Nord,PSY,7133,264378,1910162,1801,251923,15647,6.51,3.912433624,0.05332635138,73.36773515
59 - Nord_2021_SSR,2021,12/31/2021,32 - Hauts-de-France,32,Hauts-de-France,59 - Nord,59,Nord,SSR,13229,447695,3396384,2555,491682,13298,5.6,1.54224892,0.02192590708,70.33911591
59 - Nord_2021_O,2021,12/31/2021,32 - Hauts-de-France,32,Hauts-de-France,59 - Nord,59,Nord,O,9478,410121,2462729,1746,297827,65393,4.96,9.375692808,0.1317031959,71.18804326
59 - Nord_2021_C,2021,12/31/2021,32 - Hauts-de-France,32,Hauts-de-France,59 - Nord,59,Nord,C,11015,471543,2755943,2189,431809,212605,4.83,25.54131415,0.3726064545,68.54769648
59 - Nord_2021_ESND,2021,12/31/2021,32 - Hauts-de-France,32,Hauts-de-France,59 - Nord,59,Nord,ESND,8033,298952,2151093,1369,195968,107904,4.29,15.78789411,0.2151967209,73.36493812
59 - Nord_2021_M,2021,12/31/2021,32 - Hauts-de-France,32,Hauts-de-France,59 - Nord,59,Nord,M,12587,495024,3181104,2468,444475,262179,5.48,31.27255496,0.451648522,69.24091066
60 - Oise_2021_PSY,2021,12/31/2021,32 - Hauts-de-France,32,Hauts-de-France,60 - Oise,60,Oise,PSY,671,4008,179491,348,21939,1912,7.61,5.940967274,0.08106434306,73.28705878
60 - Oise_2021_SSR,2021,12/31/2021,32 - Hauts-de-France,32,Hauts-de-France,60 - Oise,60,Oise,SSR,3141,84551,923808,571,96969,3512,5.93,1.816554365,0.02254381863,80.57882273
60 - Oise_2021_ESND,2021,12/31/2021,32 - Hauts-de-France,32,Hauts-de-France,60 - Oise,60,Oise,ESND,2197,66662,679060,253,21483,24192,4.63,13.96785904,0.1649470739,84.68085372
60 - Oise_2021_M,2021,12/31/2021,32 - Hauts-de-France,32,Hauts-de-France,60 - Oise,60,Oise,M,2365,84317,693808,370,48394,66800,6.06,46.89484202,0.5834582478,80.37394654
60 - Oise_2021_O,2021,12/31/2021,32 - Hauts-de-France,32,Hauts-de-France,60 - Oise,60,Oise,O,2035,76263,608509,298,37021,18800,4.94,12.50338259,0.1526222291,81.92373195
60 - Oise_2021_C,2021,12/31/2021,32 - Hauts-de-France,32,Hauts-de-France,60 - Oise,60,Oise,C,2195,83437,627902,380,58316,62781,5.31,41.60977439,0.5309221981,78.37264018
61 - Orne_2021_O,2021,12/31/2021,28 - Normandie,28,Normandie,61 - Orne,61,Orne,O,1085,43085,295645,91,16171,5089,4.63,5.949642068,0.07969717059,74.65311533
61 - Orne_2021_M,2021,12/31/2021,28 - Normandie,28,Normandie,61 - Orne,61,Orne,M,1435,50496,386375,134,30845,32780,5.66,35.42261467,0.4801935943,73.76736194
61 - Orne_2021_ESND,2021,12/31/2021,28 - Normandie,28,Normandie,61 - Orne,61,Orne,ESND,583,19189,167126,30,6211,8235,4.42,17.10505416,0.2177919653,78.53849949
61 - Orne_2021_SSR,2021,12/31/2021,28 - Normandie,28,Normandie,61 - Orne,61,Orne,SSR,1734,52831,455611,174,42551,1601,6.21,1.570872636,0.02182170755,71.98669637
61 - Orne_2021_PSY,2021,12/31/2021,28 - Normandie,28,Normandie,61 - Orne,61,Orne,PSY,381,13864,107863,124,12717,1542,7.58,8.404961709,0.108363016,77.5630101
61 - Orne_2021_C,2021,12/31/2021,28 - Normandie,28,Normandie,61 - Orne,61,Orne,C,1165,44880,312847,132,30464,25325,5.36,31.92239403,0.4338926057,73.57210888
62 - Pas-de-Calais_2021_PSY,2021,12/31/2021,32 - Hauts-de-France,32,Hauts-de-France,62 - Pas-de-Calais,62,Pas-de-Calais,PSY,3651,120616,1036999,912,126588,9585,6.69,4.811866143,0.06183578769,77.81684883
62 - Pas-de-Calais_2021_SSR,2021,12/31/2021,32 - Hauts-de-France,32,Hauts-de-France,62 - Pas-de-Calais,62,Pas-de-Calais,SSR,5836,179143,1530748,1109,203590,7344,5.22,1.799678894,0.02504375639,71.86138
62 - Pas-de-Calais_2021_M,2021,12/31/2021,32 - Hauts-de-France,32,Hauts-de-France,62 - Pas-de-Calais,62,Pas-de-Calais,M,5823,233865,1494641,1226,206211,148717,5.51,38.55427673,0.5482458129,70.32297526
62 - Pas-de-Calais_2021_ESND,2021,12/31/2021,32 - Hauts-de-France,32,Hauts-de-France,62 - Pas-de-Calais,62,Pas-de-Calais,ESND,3588,127013,1020334,596,86571,54258,3.73,15.45351629,0.1983491092,77.91069165
62 - Pas-de-Calais_2021_C,2021,12/31/2021,32 - Hauts-de-France,32,Hauts-de-France,62 - Pas-de-Calais,62,Pas-de-Calais,C,5191,224862,1332333,1168,197769,121172,4.83,30.88911842,0.4392751362,70.31838561
62 - Pas-de-Calais_2021_O,2021,12/31/2021,32 - Hauts-de-France,32,Hauts-de-France,62 - Pas-de-Calais,62,Pas-de-Calais,O,4259,181875,1148456,870,137411,33628,4.7,10.16713036,0.137620945,73.87778339
63 - Puy-de-Dôme_2021_C,2021,12/31/2021,84 - Auvergne-Rhône-Alpes,84,Auvergne-Rhône-Alpes,63 - Puy-de-Dôme,63,Puy-de-Dôme,C,2663,112040,748323,431,111470,60635,5.59,34.87154255,0.4529456531,76.98835899
63 - Puy-de-Dôme_2021_O,2021,12/31/2021,84 - Auvergne-Rhône-Alpes,84,Auvergne-Rhône-Alpes,63 - Puy-de-Dôme,63,Puy-de-Dôme,O,2137,88527,612976,295,78778,12527,4.36,7.002226909,0.08910254235,78.58616291
63 - Puy-de-Dôme_2021_PSY,2021,12/31/2021,84 - Auvergne-Rhône-Alpes,84,Auvergne-Rhône-Alpes,63 - Puy-de-Dôme,63,Puy-de-Dôme,PSY,2446,75908,758397,665,82724,1912,7.16,1.533386351,0.01805112626,84.946852
63 - Puy-de-Dôme_2021_M,2021,12/31/2021,84 - Auvergne-Rhône-Alpes,84,Auvergne-Rhône-Alpes,63 - Puy-de-Dôme,63,Puy-de-Dôme,M,3071,115407,871853,456,116283,56301,6.56,32.94938153,0.4236202204,77.78047399
63 - Puy-de-Dôme_2021_SSR,2021,12/31/2021,84 - Auvergne-Rhône-Alpes,84,Auvergne-Rhône-Alpes,63 - Puy-de-Dôme,63,Puy-de-Dôme,SSR,2937,78055,858540,405,72892,3040,7.12,2.01909506,0.02521117246,80.08731303
63 - Puy-de-Dôme_2021_ESND,2021,12/31/2021,84 - Auvergne-Rhône-Alpes,84,Auvergne-Rhône-Alpes,63 - Puy-de-Dôme,63,Puy-de-Dôme,ESND,2325,79521,709751,293,55916,18674,4.97,10.93648903,0.1307638594,83.63541022
64 - Pyrénées-Atlantiques_2021_ESND,2021,12/31/2021,75 - Nouvelle-Aquitaine,75,Nouvelle-Aquitaine,64 - Pyrénées-Atlantiques,64,Pyrénées-Atlantiques,ESND,1844,70051,582965,404,37606,23763,4.71,16.62908656,0.1919904797,86.61412058
64 - Pyrénées-Atlantiques_2021_O,2021,12/31/2021,75 - Nouvelle-Aquitaine,75,Nouvelle-Aquitaine,64 - Pyrénées-Atlantiques,64,Pyrénées-Atlantiques,O,2185,96010,650644,486,66829,11966,5.24,7.862053227,0.0963688899,81.58289709
64 - Pyrénées-Atlantiques_2021_M,2021,12/31/2021,75 - Nouvelle-Aquitaine,75,Nouvelle-Aquitaine,64 - Pyrénées-Atlantiques,64,Pyrénées-Atlantiques,M,3452,138462,961305,962,151772,66743,5.36,28.392711,0.3721425354,76.29525865
64 - Pyrénées-Atlantiques_2021_PSY,2021,12/31/2021,75 - Nouvelle-Aquitaine,75,Nouvelle-Aquitaine,64 - Pyrénées-Atlantiques,64,Pyrénées-Atlantiques,PSY,1386,36676,430816,560,74575,2776,7.49,4.110031825,0.04826246008,85.16001502
64 - Pyrénées-Atlantiques_2021_C,2021,12/31/2021,75 - Nouvelle-Aquitaine,75,Nouvelle-Aquitaine,64 - Pyrénées-Atlantiques,64,Pyrénées-Atlantiques,C,2302,112411,645563,534,110350,67610,4.83,38.86510836,0.5058472992,76.83170084
64 - Pyrénées-Atlantiques_2021_SSR,2021,12/31/2021,75 - Nouvelle-Aquitaine,75,Nouvelle-Aquitaine,64 - Pyrénées-Atlantiques,64,Pyrénées-Atlantiques,SSR,3231,97812,978024,611,92180,4468,6.15,2.33001361,0.02809562956,82.93153229
65 - Hautes-Pyrénées_2021_PSY,2021,12/31/2021,76 - Occitanie,76,Occitanie,65 - Hautes-Pyrénées,65,Hautes-Pyrénées,PSY,427,6622,128793,180,19976,523,8.31,2.788572712,0.03374507931,82.63642488
65 - Hautes-Pyrénées_2021_O,2021,12/31/2021,76 - Occitanie,76,Occitanie,65 - Hautes-Pyrénées,65,Hautes-Pyrénées,O,1360,35367,388686,287,49307,4212,4.79,4.064359388,0.05190688628,78.30096696
65 - Hautes-Pyrénées_2021_C,2021,12/31/2021,76 - Occitanie,76,Occitanie,65 - Hautes-Pyrénées,65,Hautes-Pyrénées,C,1243,37151,342062,288,46633,22663,4.94,24.67631779,0.3272951102,75.39470349
65 - Hautes-Pyrénées_2021_ESND,2021,12/31/2021,76 - Occitanie,76,Occitanie,65 - Hautes-Pyrénées,65,Hautes-Pyrénées,ESND,1250,29987,365822,255,42158,7349,4.39,7.071147397,0.0881907321,80.18016438
65 - Hautes-Pyrénées_2021_M,2021,12/31/2021,76 - Occitanie,76,Occitanie,65 - Hautes-Pyrénées,65,Hautes-Pyrénées,M,1452,39301,408569,331,59524,21823,5.65,23.26501943,0.3017848882,77.09139968
65 - Hautes-Pyrénées_2021_SSR,2021,12/31/2021,76 - Occitanie,76,Occitanie,65 - Hautes-Pyrénées,65,Hautes-Pyrénées,SSR,1700,41016,463088,331,59524,1464,6.14,1.448663981,0.0194109111,74.63142627
66 - Pyrénées-Orientales_2021_O,2021,12/31/2021,76 - Occitanie,76,Occitanie,66 - Pyrénées-Orientales,66,Pyrénées-Orientales,O,1146,50575,340104,183,23189,9674,5.71,13.2057998,0.1624166137,81.30818332
66 - Pyrénées-Orientales_2021_C,2021,12/31/2021,76 - Occitanie,76,Occitanie,66 - Pyrénées-Orientales,66,Pyrénées-Orientales,C,1502,69842,408255,309,57741,47597,5.01,43.49651971,0.5840981005,74.46783284
66 - Pyrénées-Orientales_2021_ESND,2021,12/31/2021,76 - Occitanie,76,Occitanie,66 - Pyrénées-Orientales,66,Pyrénées-Orientales,ESND,1034,33271,320877,133,10173,14066,4.7,17.51681196,0.2060297248,85.02079966
66 - Pyrénées-Orientales_2021_PSY,2021,12/31/2021,76 - Occitanie,76,Occitanie,66 - Pyrénées-Orientales,66,Pyrénées-Orientales,PSY,433,5984,142637,252,27007,1168,8.48,6.266974596,0.06943948625,90.25087791
66 - Pyrénées-Orientales_2021_SSR,2021,12/31/2021,76 - Occitanie,76,Occitanie,66 - Pyrénées-Orientales,66,Pyrénées-Orientales,SSR,2435,44856,725697,300,52606,2558,4.8,1.381497004,0.01691945812,81.65137408
66 - Pyrénées-Orientales_2021_M,2021,12/31/2021,76 - Occitanie,76,Occitanie,66 - Pyrénées-Orientales,66,Pyrénées-Orientales,M,1654,70992,450672,319,57800,41788,5.54,38.34714018,0.5136896013,74.65041162
67 - Bas-Rhin_2021_ESND,2021,12/31/2021,44 - Grand Est,44,Grand Est,67 - Bas-Rhin,67,Bas-Rhin,ESND,4325,151002,1279181,962,113193,38719,4.92,12.06730414,0.1489214427,81.03134057
67 - Bas-Rhin_2021_M,2021,12/31/2021,44 - Grand Est,44,Grand Est,67 - Bas-Rhin,67,Bas-Rhin,M,4492,200586,1204798,854,186379,104442,5.87,37.39216995,0.5088608547,73.48211127
67 - Bas-Rhin_2021_C,2021,12/31/2021,44 - Grand Est,44,Grand Est,67 - Bas-Rhin,67,Bas-Rhin,C,3992,195899,1081640,809,170106,105189,5.38,38.83910424,0.5232025628,74.2333983
67 - Bas-Rhin_2021_O,2021,12/31/2021,44 - Grand Est,44,Grand Est,67 - Bas-Rhin,67,Bas-Rhin,O,3622,177654,996007,621,123892,25072,5.3,10.05133015,0.1334143234,75.33921318
67 - Bas-Rhin_2021_SSR,2021,12/31/2021,44 - Grand Est,44,Grand Est,67 - Bas-Rhin,67,Bas-Rhin,SSR,4475,151449,1268887,850,151053,6383,5.42,2.118059845,0.02726472885,77.68497742
67 - Bas-Rhin_2021_PSY,2021,12/31/2021,44 - Grand Est,44,Grand Est,67 - Bas-Rhin,67,Bas-Rhin,PSY,2660,104887,811700,862,95092,3983,8.64,3.54445566,0.04239635333,83.60284272
68 - Haut-Rhin_2021_PSY,2021,12/31/2021,44 - Grand Est,44,Grand Est,68 - Haut-Rhin,68,Haut-Rhin,PSY,2514,80475,731985,624,92691,2241,8.26,2.017268774,0.02528830509,79.77081767
68 - Haut-Rhin_2021_ESND,2021,12/31/2021,44 - Grand Est,44,Grand Est,68 - Haut-Rhin,68,Haut-Rhin,ESND,1752,42133,523485,292,47403,23134,4.5,16.2793207,0.198865297,81.86104335
68 - Haut-Rhin_2021_O,2021,12/31/2021,44 - Grand Est,44,Grand Est,68 - Haut-Rhin,68,Haut-Rhin,O,2549,98698,713491,548,113372,16263,5.19,9.072047593,0.118298577,76.6877153
68 - Haut-Rhin_2021_M,2021,12/31/2021,44 - Grand Est,44,Grand Est,68 - Haut-Rhin,68,Haut-Rhin,M,3289,114844,903895,831,148111,64745,6.6,35.59536354,0.4727507067,75.29415195
68 - Haut-Rhin_2021_SSR,2021,12/31/2021,44 - Grand Est,44,Grand Est,68 - Haut-Rhin,68,Haut-Rhin,SSR,3608,95708,1032022,699,143158,3198,7.07,1.716874222,0.02190831203,78.36633964
68 - Haut-Rhin_2021_C,2021,12/31/2021,44 - Grand Est,44,Grand Est,68 - Haut-Rhin,68,Haut-Rhin,C,2833,109761,762731,625,130638,62546,5.97,36.11057739,0.4895561082,73.7618769
69 - Rhône_2021_M,2021,12/31/2021,84 - Auvergne-Rhône-Alpes,84,Auvergne-Rhône-Alpes,69 - Rhône,69,Rhône,M,9805,365785,2701193,1898,399122,148001,5.81,24.02704267,0.3183355688,75.47709094
69 - Rhône_2021_C,2021,12/31/2021,84 - Auvergne-Rhône-Alpes,84,Auvergne-Rhône-Alpes,69 - Rhône,69,Rhône,C,7811,325783,2101633,1596,366948,156467,5.24,28.75772593,0.390119055,73.71525579
69 - Rhône_2021_PSY,2021,12/31/2021,84 - Auvergne-Rhône-Alpes,84,Auvergne-Rhône-Alpes,69 - Rhône,69,Rhône,PSY,6612,184139,1909147,1473,264284,5954,6.4,1.578930794,0.01995948976,79.10677142
69 - Rhône_2021_SSR,2021,12/31/2021,84 - Auvergne-Rhône-Alpes,84,Auvergne-Rhône-Alpes,69 - Rhône,69,Rhône,SSR,8998,252750,2505495,1285,257381,8865,6.06,1.635733359,0.02144163129,76.28772908
69 - Rhône_2021_O,2021,12/31/2021,84 - Auvergne-Rhône-Alpes,84,Auvergne-Rhône-Alpes,69 - Rhône,69,Rhône,O,6754,272947,1825159,920,231384,47056,6.05,11.54825755,0.1559802735,74.03665408
69 - Rhône_2021_ESND,2021,12/31/2021,84 - Auvergne-Rhône-Alpes,84,Auvergne-Rhône-Alpes,69 - Rhône,69,Rhône,ESND,5823,192426,1627188,617,132120,65284,4.71,14.46731737,0.188968724,76.55932191
70 - Haute-Saône_2021_SSR,2021,12/31/2021,27 - Bourgogne-Franche-Comté,27,Bourgogne-Franche-Comté,70 - Haute-Saône,70,Haute-Saône,SSR,761,23464,217259,183,37593,1339,6.46,3.11412165,0.03981395477,78.21683797
70 - Haute-Saône_2021_C,2021,12/31/2021,27 - Bourgogne-Franche-Comté,27,Bourgogne-Franche-Comté,70 - Haute-Saône,70,Haute-Saône,C,548,22411,146451,96,15374,21131,5.43,57.36492851,0.7834793207,73.21817818
70 - Haute-Saône_2021_O,2021,12/31/2021,27 - Bourgogne-Franche-Comté,27,Bourgogne-Franche-Comté,70 - Haute-Saône,70,Haute-Saône,O,516,21781,145140,73,12337,4209,4.98,11.12924498,0.1444179413,77.06275884
70 - Haute-Saône_2021_M,2021,12/31/2021,27 - Bourgogne-Franche-Comté,27,Bourgogne-Franche-Comté,70 - Haute-Saône,70,Haute-Saône,M,548,22411,146451,96,15374,22930,6.36,72.91010899,0.9957924494,73.21817818
70 - Haute-Saône_2021_PSY,2021,12/31/2021,27 - Bourgogne-Franche-Comté,27,Bourgogne-Franche-Comté,70 - Haute-Saône,70,Haute-Saône,PSY,265,2168,79512,95,8013,758,9.4,7.366451279,0.08961163095,82.20418713
70 - Haute-Saône_2021_ESND,2021,12/31/2021,27 - Bourgogne-Franche-Comté,27,Bourgogne-Franche-Comté,70 - Haute-Saône,70,Haute-Saône,ESND,30,4,10189,,,7445,4.99,339.2744292,3.646142899,93.05022831
71 - Saône-et-Loire_2021_PSY,2021,12/31/2021,27 - Bourgogne-Franche-Comté,27,Bourgogne-Franche-Comté,71 - Saône-et-Loire,71,Saône-et-Loire,PSY,1054,27277,334597,276,34767,2956,6.61,5.078932183,0.05839610038,86.97382444
71 - Saône-et-Loire_2021_ESND,2021,12/31/2021,27 - Bourgogne-Franche-Comté,27,Bourgogne-Franche-Comté,71 - Saône-et-Loire,71,Saône-et-Loire,ESND,1109,41908,339156,145,16623,21404,4.75,25.11679039,0.299770607,83.78670158
71 - Saône-et-Loire_2021_SSR,2021,12/31/2021,27 - Bourgogne-Franche-Comté,27,Bourgogne-Franche-Comté,71 - Saône-et-Loire,71,Saône-et-Loire,SSR,3002,106617,821937,413,89352,3630,6.25,2.07053745,0.02760248048,75.01273124
71 - Saône-et-Loire_2021_C,2021,12/31/2021,27 - Bourgogne-Franche-Comté,27,Bourgogne-Franche-Comté,71 - Saône-et-Loire,71,Saône-et-Loire,C,1992,91515,573129,314,68961,59419,5.51,45.02925263,0.5712478168,78.82612642
71 - Saône-et-Loire_2021_O,2021,12/31/2021,27 - Bourgogne-Franche-Comté,27,Bourgogne-Franche-Comté,71 - Saône-et-Loire,71,Saône-et-Loire,O,1884,87640,570495,216,33834,10609,4.31,6.649331065,0.08014932646,82.96178344
71 - Saône-et-Loire_2021_M,2021,12/31/2021,27 - Bourgogne-Franche-Comté,27,Bourgogne-Franche-Comté,71 - Saône-et-Loire,71,Saône-et-Loire,M,2831,106097,799715,474,88541,57995,5.82,32.66486018,0.4220639853,77.3931473
72 - Sarthe_2021_O,2021,12/31/2021,52 - Pays de la Loire,52,Pays de la Loire,72 - Sarthe,72,Sarthe,O,1324,61197,408094,114,20148,12386,5.14,13.17386914,0.1560033718,84.44605388
72 - Sarthe_2021_SSR,2021,12/31/2021,52 - Pays de la Loire,52,Pays de la Loire,72 - Sarthe,72,Sarthe,SSR,2240,67720,674772,295,60121,3765,6,2.762964775,0.03347797478,82.53082192
72 - Sarthe_2021_C,2021,12/31/2021,52 - Pays de la Loire,52,Pays de la Loire,72 - Sarthe,72,Sarthe,C,1846,88572,549910,264,58981,52412,5.22,40.60473441,0.4975189395,81.61444961
72 - Sarthe_2021_ESND,2021,12/31/2021,52 - Pays de la Loire,52,Pays de la Loire,72 - Sarthe,72,Sarthe,ESND,1431,54770,438319,120,16404,14512,5.39,14.97557604,0.1784537745,83.9185166
72 - Sarthe_2021_PSY,2021,12/31/2021,52 - Pays de la Loire,52,Pays de la Loire,72 - Sarthe,72,Sarthe,PSY,550,18938,177518,263,37871,3056,7.57,11.52374595,0.1303187282,88.42739726
72 - Sarthe_2021_M,2021,12/31/2021,52 - Pays de la Loire,52,Pays de la Loire,72 - Sarthe,72,Sarthe,M,2186,92876,649213,302,59971,52321,6.09,39.93468899,0.4908017708,81.36622843
73 - Savoie_2021_SSR,2021,12/31/2021,84 - Auvergne-Rhône-Alpes,84,Auvergne-Rhône-Alpes,73 - Savoie,73,Savoie,SSR,2048,70601,578126,524,73945,2566,5.75,1.973793343,0.02552125315,77.33920163
73 - Savoie_2021_M,2021,12/31/2021,84 - Auvergne-Rhône-Alpes,84,Auvergne-Rhône-Alpes,73 - Savoie,73,Savoie,M,1832,73397,518018,391,51824,37034,5.8,32.12256984,0.4146520005,77.46874439
73 - Savoie_2021_PSY,2021,12/31/2021,84 - Auvergne-Rhône-Alpes,84,Auvergne-Rhône-Alpes,73 - Savoie,73,Savoie,PSY,319,3140,94171,115,6985,2906,7.3,18.21943574,0.2252689257,80.87860179
73 - Savoie_2021_C,2021,12/31/2021,84 - Auvergne-Rhône-Alpes,84,Auvergne-Rhône-Alpes,73 - Savoie,73,Savoie,C,1832,73397,518018,391,51824,40760,5.18,31.57516301,0.4075858368,77.46874439
73 - Savoie_2021_O,2021,12/31/2021,84 - Auvergne-Rhône-Alpes,84,Auvergne-Rhône-Alpes,73 - Savoie,73,Savoie,O,1590,61684,470878,271,25988,8259,5.67,8.069015249,0.09944939029,81.13690015
73 - Savoie_2021_ESND,2021,12/31/2021,84 - Auvergne-Rhône-Alpes,84,Auvergne-Rhône-Alpes,73 - Savoie,73,Savoie,ESND,1502,58262,458868,265,25264,11324,4.21,8.695992558,0.1038948892,83.69990697
74 - Haute-Savoie_2021_PSY,2021,12/31/2021,84 - Auvergne-Rhône-Alpes,84,Auvergne-Rhône-Alpes,74 - Haute-Savoie,74,Haute-Savoie,PSY,1428,50426,439660,305,54410,3170,7.91,4.810770884,0.05703202475,84.352097
74 - Haute-Savoie_2021_SSR,2021,12/31/2021,84 - Auvergne-Rhône-Alpes,84,Auvergne-Rhône-Alpes,74 - Haute-Savoie,74,Haute-Savoie,SSR,2313,67316,691076,323,76486,4305,5.93,3.023843789,0.03694043781,81.85728077
74 - Haute-Savoie_2021_O,2021,12/31/2021,84 - Auvergne-Rhône-Alpes,84,Auvergne-Rhône-Alpes,74 - Haute-Savoie,74,Haute-Savoie,O,2096,107053,626247,388,72544,18299,4.87,11.64855825,0.1423018873,81.85807278
74 - Haute-Savoie_2021_ESND,2021,12/31/2021,84 - Auvergne-Rhône-Alpes,84,Auvergne-Rhône-Alpes,74 - Haute-Savoie,74,Haute-Savoie,ESND,1527,60835,459724,214,28593,19486,5.16,18.04016471,0.2187133149,82.48315705
74 - Haute-Savoie_2021_C,2021,12/31/2021,84 - Auvergne-Rhône-Alpes,84,Auvergne-Rhône-Alpes,74 - Haute-Savoie,74,Haute-Savoie,C,2231,114172,644871,417,81045,64312,5.07,40.04124203,0.5056233572,79.19183608
74 - Haute-Savoie_2021_M,2021,12/31/2021,84 - Auvergne-Rhône-Alpes,84,Auvergne-Rhône-Alpes,74 - Haute-Savoie,74,Haute-Savoie,M,2562,117510,742490,446,85687,57918,5.76,35.67500561,0.449309324,79.39965566
75 - Paris_2021_M,2021,12/31/2021,11 - Ile-de-France,11,Ile-de-France,75 - Paris,75,Paris,M,23120,734062,6440776,4833,770228,154671,5.85,10.72220399,0.1404839029,76.32336351
75 - Paris_2021_O,2021,12/31/2021,11 - Ile-de-France,11,Ile-de-France,75 - Paris,75,Paris,O,19628,632524,5627072,3847,566922,47517,4.87,3.230048631,0.04112401441,78.54409831
75 - Paris_2021_PSY,2021,12/31/2021,11 - Ile-de-France,11,Ile-de-France,75 - Paris,75,Paris,PSY,20135,587831,5787229,5261,765345,9157,7.28,0.9070685204,0.01151897739,78.74557694
75 - Paris_2021_SSR,2021,12/31/2021,11 - Ile-de-France,11,Ile-de-France,75 - Paris,75,Paris,SSR,21556,605834,6168023,4700,703080,10531,7.26,0.9717290676,0.01239539152,78.39438277
75 - Paris_2021_ESND,2021,12/31/2021,11 - Ile-de-France,11,Ile-de-France,75 - Paris,75,Paris,ESND,19600,568784,5640890,4009,541705,73307,4.42,4.529171652,0.05744074783,78.84945485
75 - Paris_2021_C,2021,12/31/2021,11 - Ile-de-France,11,Ile-de-France,75 - Paris,75,Paris,C,22660,737689,6259890,5043,842353,164445,5.31,10.55753243,0.1394917403,75.68571739
76 - Seine-Maritime_2021_M,2021,12/31/2021,28 - Normandie,28,Normandie,76 - Seine-Maritime,76,Seine-Maritime,M,6018,248038,1724801,1393,226033,120305,5.65,30.94475705,0.3940879267,78.52246912
76 - Seine-Maritime_2021_O,2021,12/31/2021,28 - Normandie,28,Normandie,76 - Seine-Maritime,76,Seine-Maritime,O,4898,205812,1463550,976,142067,28364,4.59,7.282299177,0.08895545762,81.86455752
76 - Seine-Maritime_2021_ESND,2021,12/31/2021,28 - Normandie,28,Normandie,76 - Seine-Maritime,76,Seine-Maritime,ESND,3980,149360,1212468,649,83314,44683,4.88,15.01019068,0.1798423051,83.46306877
76 - Seine-Maritime_2021_C,2021,12/31/2021,28 - Normandie,28,Normandie,76 - Seine-Maritime,76,Seine-Maritime,C,5457,234649,1521882,1285,226133,104407,5.24,27.46718077,0.3594842964,76.40717841
76 - Seine-Maritime_2021_SSR,2021,12/31/2021,28 - Normandie,28,Normandie,76 - Seine-Maritime,76,Seine-Maritime,SSR,6417,222606,1899325,1249,219071,6994,5.67,1.693104575,0.02087898596,81.09132207
76 - Seine-Maritime_2021_PSY,2021,12/31/2021,28 - Normandie,28,Normandie,76 - Seine-Maritime,76,Seine-Maritime,PSY,4260,148805,1322305,984,141589,4340,6.93,1.934285163,0.02274528191,85.0411602
77 - Seine-et-Marne_2021_M,2021,12/31/2021,11 - Ile-de-France,11,Ile-de-France,77 - Seine-et-Marne,77,Seine-et-Marne,M,3613,132469,1024117,812,113710,103785,6.19,48.71519134,0.6273005428,77.65845558
77 - Seine-et-Marne_2021_O,2021,12/31/2021,11 - Ile-de-France,11,Ile-de-France,77 - Seine-et-Marne,77,Seine-et-Marne,O,3047,117554,910467,672,81399,33840,5.27,16.03524689,0.1958739855,81.86511772
77 - Seine-et-Marne_2021_SSR,2021,12/31/2021,11 - Ile-de-France,11,Ile-de-France,77 - Seine-et-Marne,77,Seine-et-Marne,SSR,4552,127997,1338826,1018,152255,6159,6.92,2.565199701,0.03183406955,80.58032597
77 - Seine-et-Marne_2021_PSY,2021,12/31/2021,11 - Ile-de-France,11,Ile-de-France,77 - Seine-et-Marne,77,Seine-et-Marne,PSY,3312,113562,976617,678,82449,2558,7.88,1.667414466,0.0206396571,80.78692674
77 - Seine-et-Marne_2021_C,2021,12/31/2021,11 - Ile-de-France,11,Ile-de-France,77 - Seine-et-Marne,77,Seine-et-Marne,C,3377,129022,953571,810,111960,105921,5.66,48.63787345,0.6287029073,77.36225311
77 - Seine-et-Marne_2021_ESND,2021,12/31/2021,11 - Ile-de-France,11,Ile-de-France,77 - Seine-et-Marne,77,Seine-et-Marne,ESND,3024,102012,929077,727,69884,35721,4.62,14.95171233,0.1776290017,84.17382402
78 - Yvelines_2021_O,2021,12/31/2021,11 - Ile-de-France,11,Ile-de-France,78 - Yvelines,78,Yvelines,O,2811,121934,763025,575,128956,32753,4.92,15.70588734,0.2111919793,74.36782113
78 - Yvelines_2021_ESND,2021,12/31/2021,11 - Ile-de-France,11,Ile-de-France,78 - Yvelines,78,Yvelines,ESND,2086,53578,587696,526,83813,40545,4.5,23.96308068,0.3104538741,77.18724964
78 - Yvelines_2021_PSY,2021,12/31/2021,11 - Ile-de-France,11,Ile-de-France,78 - Yvelines,78,Yvelines,PSY,3017,93145,863148,914,133485,2508,7.63,1.737736389,0.02217005658,78.38213593
78 - Yvelines_2021_SSR,2021,12/31/2021,11 - Ile-de-France,11,Ile-de-France,78 - Yvelines,78,Yvelines,SSR,4758,115718,1327109,1008,191121,6081,7.58,2.654158821,0.03473262558,76.41687828
78 - Yvelines_2021_M,2021,12/31/2021,11 - Ile-de-France,11,Ile-de-France,78 - Yvelines,78,Yvelines,M,4356,148699,1164079,1010,207862,106822,5.89,39.57266186,0.5404973202,73.21527856
78 - Yvelines_2021_C,2021,12/31/2021,11 - Ile-de-France,11,Ile-de-France,78 - Yvelines,78,Yvelines,C,3018,131003,817451,677,160199,114785,5.32,55.43507902,0.747024837,74.20781249
79 - Deux-Sèvres_2021_PSY,2021,12/31/2021,75 - Nouvelle-Aquitaine,75,Nouvelle-Aquitaine,79 - Deux-Sèvres,79,Deux-Sèvres,PSY,1210,39686,375812,343,28916,1257,11.9,3.386912714,0.03980261407,85.09272048
79 - Deux-Sèvres_2021_ESND,2021,12/31/2021,75 - Nouvelle-Aquitaine,75,Nouvelle-Aquitaine,79 - Deux-Sèvres,79,Deux-Sèvres,ESND,1409,41334,450599,373,29281,9673,4.07,7.655115354,0.08737061112,87.61659391
79 - Deux-Sèvres_2021_SSR,2021,12/31/2021,75 - Nouvelle-Aquitaine,75,Nouvelle-Aquitaine,79 - Deux-Sèvres,79,Deux-Sèvres,SSR,1697,43428,525381,401,35146,1785,6.01,1.73196051,0.02041918151,84.82027107
79 - Deux-Sèvres_2021_O,2021,12/31/2021,75 - Nouvelle-Aquitaine,75,Nouvelle-Aquitaine,79 - Deux-Sèvres,79,Deux-Sèvres,O,1308,46168,400079,377,37960,6872,5.06,7.283381509,0.08691363456,83.80021784
79 - Deux-Sèvres_2021_C,2021,12/31/2021,75 - Nouvelle-Aquitaine,75,Nouvelle-Aquitaine,79 - Deux-Sèvres,79,Deux-Sèvres,C,1308,46168,400079,377,37960,33495,5.24,36.762976,0.4386978572,83.80021784
79 - Deux-Sèvres_2021_M,2021,12/31/2021,75 - Nouvelle-Aquitaine,75,Nouvelle-Aquitaine,79 - Deux-Sèvres,79,Deux-Sèvres,M,1447,47357,454301,407,38325,31788,5.88,35.38988365,0.4114308355,86.01660497
80 - Somme_2021_SSR,2021,12/31/2021,32 - Hauts-de-France,32,Hauts-de-France,80 - Somme,80,Somme,SSR,3025,100515,872146,544,79543,2653,5.51,1.323947017,0.01676098956,78.98978829
80 - Somme_2021_O,2021,12/31/2021,32 - Hauts-de-France,32,Hauts-de-France,80 - Somme,80,Somme,O,2260,92645,653486,387,57776,11159,4.65,6.290380652,0.0794039199,79.22002667
80 - Somme_2021_ESND,2021,12/31/2021,32 - Hauts-de-France,32,Hauts-de-France,80 - Somme,80,Somme,ESND,2200,71265,638546,270,35697,19627,4.25,10.38788917,0.1306323272,79.52004981
80 - Somme_2021_PSY,2021,12/31/2021,32 - Hauts-de-France,32,Hauts-de-France,80 - Somme,80,Somme,PSY,846,23230,256478,292,28175,1510,6.87,3.359467599,0.04044674397,83.05903689
80 - Somme_2021_M,2021,12/31/2021,32 - Hauts-de-France,32,Hauts-de-France,80 - Somme,80,Somme,M,3256,114373,870949,545,83378,53005,5.66,25.24387432,0.3444613864,73.28506277
80 - Somme_2021_C,2021,12/31/2021,32 - Hauts-de-France,32,Hauts-de-France,80 - Somme,80,Somme,C,2406,96032,627892,432,76429,46365,4.9,25.87008506,0.3618273525,71.49842289
81 - Tarn_2021_PSY,2021,12/31/2021,76 - Occitanie,76,Occitanie,81 - Tarn,81,Tarn,PSY,511,7303,147409,334,30315,620,8.96,2.978419966,0.03768562299,79.03332172
81 - Tarn_2021_SSR,2021,12/31/2021,76 - Occitanie,76,Occitanie,81 - Tarn,81,Tarn,SSR,1447,31848,409408,243,34648,2393,6.55,2.96771781,0.03828491383,77.51663811
81 - Tarn_2021_O,2021,12/31/2021,76 - Occitanie,76,Occitanie,81 - Tarn,81,Tarn,O,1291,46226,383288,244,32640,7088,4.87,7.325437433,0.09005906785,81.3403648
81 - Tarn_2021_ESND,2021,12/31/2021,76 - Occitanie,76,Occitanie,81 - Tarn,81,Tarn,ESND,1187,36502,361468,228,23396,12643,4.67,13.62772732,0.1633417343,83.43077402
81 - Tarn_2021_M,2021,12/31/2021,76 - Occitanie,76,Occitanie,81 - Tarn,81,Tarn,M,1754,58888,491315,317,46349,37193,5.95,34.56652505,0.4504205042,76.74278752
81 - Tarn_2021_C,2021,12/31/2021,76 - Occitanie,76,Occitanie,81 - Tarn,81,Tarn,C,1570,56625,437514,308,45887,36338,5.31,33.6715435,0.4410253843,76.34831167
82 - Tarn-et-Garonne_2021_C,2021,12/31/2021,76 - Occitanie,76,Occitanie,82 - Tarn-et-Garonne,82,Tarn-et-Garonne,C,943,35432,257818,258,38569,23678,4.82,33.15793663,0.4426687043,74.90463255
82 - Tarn-et-Garonne_2021_ESND,2021,12/31/2021,76 - Occitanie,76,Occitanie,82 - Tarn-et-Garonne,82,Tarn-et-Garonne,ESND,753,19920,224634,192,13990,7707,4.36,12.22598919,0.1495878629,81.73115756
82 - Tarn-et-Garonne_2021_O,2021,12/31/2021,76 - Occitanie,76,Occitanie,82 - Tarn-et-Garonne,82,Tarn-et-Garonne,O,792,31997,217494,228,27203,5265,5.09,9.270392279,0.1232165025,75.2366127
82 - Tarn-et-Garonne_2021_PSY,2021,12/31/2021,76 - Occitanie,76,Occitanie,82 - Tarn-et-Garonne,82,Tarn-et-Garonne,PSY,575,16722,165146,168,12906,908,6.68,2.890025015,0.03672774394,78.68779035
82 - Tarn-et-Garonne_2021_SSR,2021,12/31/2021,76 - Occitanie,76,Occitanie,82 - Tarn-et-Garonne,82,Tarn-et-Garonne,SSR,1003,23013,296549,202,16659,1534,5.54,2.321353747,0.02865752371,81.0032915
82 - Tarn-et-Garonne_2021_M,2021,12/31/2021,76 - Occitanie,76,Occitanie,82 - Tarn-et-Garonne,82,Tarn-et-Garonne,M,910,34835,256949,255,28435,24121,5.21,37.83543881,0.4890869783,77.35932561
83 - Var_2021_PSY,2021,12/31/2021,93 - Provence-Alpes-Côte d'Azur,93,Provence-Alpes-Côte d'Azur,83 - Var,83,Var,PSY,2584,96109,781174,614,82565,2089,6.84,1.514987913,0.01829139219,82.82518343
83 - Var_2021_SSR,2021,12/31/2021,93 - Provence-Alpes-Côte d'Azur,93,Provence-Alpes-Côte d'Azur,83 - Var,83,Var,SSR,4161,113205,1221659,619,144967,6140,5.85,2.365013679,0.02940182162,80.43765823
83 - Var_2021_O,2021,12/31/2021,93 - Provence-Alpes-Côte d'Azur,93,Provence-Alpes-Côte d'Azur,83 - Var,83,Var,O,2371,114165,691188,510,83554,22920,4.2,11.12344944,0.1392732513,79.86780909
83 - Var_2021_ESND,2021,12/31/2021,93 - Provence-Alpes-Côte d'Azur,93,Provence-Alpes-Côte d'Azur,83 - Var,83,Var,ESND,2326,88937,704886,339,43535,32632,4.04,15.52824886,0.1870278031,83.02641963
83 - Var_2021_M,2021,12/31/2021,93 - Provence-Alpes-Côte d'Azur,93,Provence-Alpes-Côte d'Azur,83 - Var,83,Var,M,3307,154555,922527,783,125181,113971,5.36,50.60950495,0.662186104,76.42791753
83 - Var_2021_C,2021,12/31/2021,93 - Provence-Alpes-Côte d'Azur,93,Provence-Alpes-Côte d'Azur,83 - Var,83,Var,C,3145,153018,854751,839,138508,122427,4.63,49.37927216,0.6631603941,74.4605266
84 - Vaucluse_2021_SSR,2021,12/31/2021,93 - Provence-Alpes-Côte d'Azur,93,Provence-Alpes-Côte d'Azur,84 - Vaucluse,84,Vaucluse,SSR,2329,70934,675334,446,74007,3294,6.05,2.344318509,0.02950939831,79.44311451
84 - Vaucluse_2021_PSY,2021,12/31/2021,93 - Provence-Alpes-Côte d'Azur,93,Provence-Alpes-Côte d'Azur,84 - Vaucluse,84,Vaucluse,PSY,478,4241,143632,303,18944,1016,8.2,4.77514759,0.05800378746,82.32475497
84 - Vaucluse_2021_O,2021,12/31/2021,93 - Provence-Alpes-Côte d'Azur,93,Provence-Alpes-Côte d'Azur,84 - Vaucluse,84,Vaucluse,O,1772,72506,490048,136,24764,13682,4.86,10.28085593,0.13568981,75.76733974
84 - Vaucluse_2021_M,2021,12/31/2021,93 - Provence-Alpes-Côte d'Azur,93,Provence-Alpes-Côte d'Azur,84 - Vaucluse,84,Vaucluse,M,2356,98789,596141,232,49182,54057,5.63,35.39094704,0.5105183337,69.32355746
84 - Vaucluse_2021_C,2021,12/31/2021,93 - Provence-Alpes-Côte d'Azur,93,Provence-Alpes-Côte d'Azur,84 - Vaucluse,84,Vaucluse,C,2037,93869,502081,229,60874,55308,5.04,37.49165372,0.5551939229,67.5289339
84 - Vaucluse_2021_ESND,2021,12/31/2021,93 - Provence-Alpes-Côte d'Azur,93,Provence-Alpes-Côte d'Azur,84 - Vaucluse,84,Vaucluse,ESND,1595,66682,465160,107,17639,16911,4.51,13.10063297,0.1639620991,79.9003736
85 - Vendée_2021_PSY,2021,12/31/2021,52 - Pays de la Loire,52,Pays de la Loire,85 - Vendée,85,Vendée,PSY,812,14657,244444,379,40708,2060,8,5.560429179,0.0674183044,82.47655037
85 - Vendée_2021_SSR,2021,12/31/2021,52 - Pays de la Loire,52,Pays de la Loire,85 - Vendée,85,Vendée,SSR,2598,94587,777476,271,62283,3724,6.78,2.662608751,0.03247524039,81.98888502